entry_point,image_base,size_of_image,size_code_section,dll_flag,num_sections,entropia_max,entropia_media,num_importaciones,num_dlls_importadas,num_exportaciones,file_size,label
4461,4206983,95225,10452,235,4,5.491112748400683,4.903769369549742,146,7,11,496821,0
7266,4510897,160787,49649,233,6,5.9806770929260065,5.306847739562919,157,8,8,165787,0
6777,4734902,173892,62214,196,3,5.882683184051274,5.291700711248418,90,8,3,362032,0
5893,5157360,97572,48563,35,4,6.231353736987717,4.623481542769351,103,8,4,127471,0
5869,4968390,68626,36876,76,6,6.014431745855753,5.320596620280413,191,6,8,425337,0
7612,5013550,183502,67998,173,6,4.618167707698611,4.041760257706158,177,3,0,126603,0
4448,4765674,72190,35972,255,4,5.389693512189403,3.0090406119623525,111,7,6,183928,0
6952,4310264,139074,59737,208,5,4.74352989773395,3.1564277896153983,86,4,9,256629,0
4921,4604220,85442,42489,107,3,4.824463448878756,3.273718314252038,95,8,9,216795,0
4481,5239770,68903,11860,60,3,6.329860923074991,3.2383836329571505,130,6,16,126555,0
6252,4240620,166462,47136,245,4,5.704739762667684,3.8792559771256587,135,9,19,338444,0
8092,5116212,71557,13462,70,6,6.436476033127764,4.753177017773394,77,7,14,58873,0
7109,4912049,150533,75167,87,5,5.042281341796861,4.976622016501238,59,6,1,492585,0
7213,4492003,153964,52109,246,4,5.343593933384941,4.475533185861561,124,9,8,73439,0
7034,5010084,59034,36042,143,4,5.217788549791054,3.366090436392449,169,6,14,200238,0
7315,5071853,75941,44033,67,3,4.268217643809317,4.869754005370439,72,5,11,468448,0
6198,4239622,169154,53342,1,4,4.591754986316508,3.887004797843997,111,5,9,119786,0
4620,4305892,126093,28212,110,3,5.319090901511205,3.032483371679491,74,9,8,82832,0
7535,4892393,68202,30187,252,3,4.168435762832516,3.7014715513318732,86,8,8,384762,0
5940,5241941,198766,39305,110,5,6.328654823272223,3.8265013853524446,141,4,11,82931,0
6145,4219434,89748,28100,179,3,4.309609204858427,3.685613838045257,92,6,3,454819,0
5614,4892325,50601,63053,64,3,4.494951866042268,5.029675382968964,89,5,10,253034,0
4843,4337460,188624,17267,198,5,5.913303059846592,4.899815993985226,199,7,4,441199,0
7892,4876009,52486,67862,198,4,4.242336354473284,4.738880076031604,75,3,13,160295,0
7297,4847897,133003,34396,155,4,6.2506952490385235,3.3475126962806634,78,7,17,113511,0
6733,4289137,198962,49285,197,3,5.814252426806339,5.019584774265705,189,8,10,483212,0
5744,4908099,136671,21042,148,3,4.171552142772147,4.692939904158309,132,4,7,392978,0
7466,5134911,137695,36975,96,4,5.729617653214133,3.48709421620348,56,4,18,459943,0
6330,5099690,108226,62821,188,5,5.579071355428295,4.6202348257037915,113,7,13,193949,0
5912,4224712,69036,28948,213,4,5.893373581849796,4.208779102509203,134,4,8,232134,0
5941,4452166,135903,19259,215,5,6.070494631223339,4.0983751546405625,87,9,0,309750,0
5026,4446830,184595,46534,54,5,5.795876407932887,3.280307908680972,132,8,0,251929,0
4473,4669615,63665,21374,173,4,5.4654407381774295,4.295760689612914,147,9,4,159198,0
6367,4344273,182057,32032,1,4,4.806158296454444,3.2498295224309093,87,6,4,218801,0
7732,5090151,112256,41532,146,4,5.743184154574823,3.4106334681356665,171,9,14,323940,0
4357,5008804,130430,49486,146,3,6.3924289615769485,3.3313657856869066,117,3,10,67039,0
7611,5041920,74810,54756,93,5,5.468804451322185,5.385270697675018,194,5,19,201174,0
7485,4402136,143268,57365,254,5,5.660862171085634,3.7121617261097253,63,3,10,181781,0
5229,4209584,77352,69100,226,4,5.092820105499502,3.8880108089900194,98,7,18,81644,0
6683,5149177,90978,14625,9,4,5.890302024357686,3.80520151574009,158,6,11,105203,0
4772,4497246,158241,35362,53,4,6.494168480846589,5.245626112945359,184,5,7,273055,0
7201,4882451,57577,10074,53,5,4.4009733101693405,4.4074147783372215,83,5,14,96066,0
6965,5147917,117077,10660,229,6,4.506013198759406,5.297899747333279,197,7,8,205207,0
5548,4232223,139185,24859,132,3,5.348594396660974,3.749812264569739,79,4,5,302387,0
4374,4200043,69804,51870,186,4,5.203438493154145,3.2870866860798724,112,6,9,443229,0
8071,4199997,94213,72615,207,3,5.4289244612667975,4.390546131810437,97,7,13,94444,0
5921,4358223,101525,64147,196,4,4.122685119310683,3.8638424794750437,113,4,7,245589,0
7754,4248471,149543,55240,22,3,5.010691140826122,5.004767083726871,185,4,14,96319,0
6872,5054116,196506,64471,35,4,5.457445655163902,5.198558522279146,159,5,19,242857,0
7284,4829662,175436,22037,101,4,5.462978378262407,4.18143377726768,169,7,8,266231,0
7208,5221957,78464,68788,86,4,5.643334904420934,5.428397560213771,88,4,5,409669,0
4893,5034718,52724,72318,191,4,5.80054007250666,4.382532515861015,192,5,8,249027,0
5586,5204279,57786,16653,39,6,5.6038680083521415,3.677300983465781,115,6,16,470981,0
6007,4444444,139357,42896,95,6,5.975607888473587,4.222438788360686,147,4,3,111935,0
6134,4496083,73439,68102,60,3,5.561901586711479,3.093275731007319,154,6,19,73921,0
4275,5084973,84692,43326,48,4,5.343769156343011,5.010002900657669,149,3,8,52002,0
6334,4451082,177108,68833,44,6,5.515491072219527,3.2535876271360524,140,3,16,210535,0
4727,4254316,181083,75487,50,5,4.252983416883331,3.7718712212575123,122,4,15,136838,0
7140,4895937,175854,43226,144,3,4.6828913518138,4.413291367512358,147,5,15,91212,0
6893,5034175,88049,14164,104,5,5.318499451645328,3.1074378141172474,185,3,18,156151,0
7874,5209531,142952,33803,111,3,6.182468038504268,3.1982922479536207,108,9,3,488744,0
7146,5167168,141615,25062,122,3,5.697628890719983,4.740290894032532,126,5,11,410111,0
5597,4320374,77787,43188,189,5,4.226020196179744,3.1794427326519217,77,8,1,58357,0
8058,5003918,133031,51003,220,5,5.48068737611101,4.192707165618441,103,9,5,461947,0
5778,5081533,128788,42472,134,6,4.554344969092748,3.846739083551876,165,8,0,142364,0
5430,4926336,109424,23684,164,4,5.835041399471807,3.570198519891041,146,8,13,232674,0
7805,5053926,162749,31081,189,6,6.068602131271868,3.4719472446591637,81,3,12,197436,0
5613,5072989,151643,57566,176,4,5.483640681474934,4.908528234331449,131,5,14,232262,0
4408,4662545,129898,11888,34,5,5.478406524379274,5.378855482875706,171,8,3,392325,0
6019,4236405,158865,24986,251,3,4.846478608027035,3.3504493555083292,68,7,6,370616,0
7355,4672658,164466,72463,42,3,5.115625052903273,5.399203047935318,59,3,13,317316,0
4872,4405887,135040,16940,105,6,6.160270884538363,4.4869062586877595,108,6,16,332114,0
5992,4313557,90151,39032,167,6,5.8083008274178916,4.604151013408143,148,8,17,377387,0
4628,4325295,163763,24488,103,6,5.299384149239607,4.774815945356455,96,8,1,132863,0
6907,4925553,157642,17325,62,4,4.920580965620927,4.760297225886452,173,5,8,228051,0
6044,4723343,197512,39591,236,3,4.125949345721386,5.049527770464221,177,4,0,98460,0
5448,4760365,72467,46500,18,6,4.357518503315963,4.208671628369244,129,5,16,366877,0
5025,4975690,112890,22329,62,5,4.4825629738484265,4.333396468786753,106,5,2,246925,0
6408,4769204,188634,15445,254,3,4.933458858146687,3.8095675061585395,56,5,16,336775,0
6839,4854919,127187,19428,186,6,6.360359117690686,3.2631439844577925,173,5,3,304172,0
7947,4284507,191393,55608,22,6,5.262883487146872,4.661600477315548,184,6,0,173134,0
5886,5086779,51870,70219,193,4,4.5871004081480775,3.0840249229656274,116,3,17,112418,0
4754,4664884,55275,22620,248,6,4.264375343653785,3.6890876277084206,127,4,8,487823,0
7506,4357056,169404,32427,25,6,4.84576381150741,3.2355746611152507,163,5,8,181973,0
6675,5047140,103764,34067,105,5,6.039326588877643,3.4768178933067952,154,4,12,99303,0
6964,4964610,128034,35253,119,5,4.9583569835262695,4.596827282243452,70,9,5,187674,0
4494,4249905,114201,27101,33,4,5.931264515056034,4.571191575512295,150,7,13,456088,0
5375,4396722,111194,13868,51,6,6.006762440317197,4.052637282489281,188,9,8,167584,0
7241,4210818,190921,46760,44,6,4.27705192424676,3.225429941223728,162,6,5,494055,0
7504,4478215,64110,35015,47,6,5.521649381566959,4.083434791148521,122,3,7,257342,0
5878,4299141,165832,33958,103,5,6.397740158427776,3.8818621796457338,128,9,0,437817,0
7392,4938693,183448,28536,118,3,5.005345187258885,4.801147882139874,88,6,6,343878,0
7543,4742240,148611,75053,60,4,4.127360222507556,4.447566520497629,149,7,11,69770,0
5683,5222123,109251,52733,74,4,6.308256725644696,4.228914418342497,86,5,2,279225,0
7774,4980132,74002,39308,49,6,6.209165703931207,4.217455205762488,101,6,2,237619,0
5276,4835553,152387,24377,203,5,5.3053536180225045,5.415742218151047,89,6,13,140655,0
5077,4728357,120319,66078,54,5,5.380632800860024,4.890735554258626,100,4,8,297494,0
6891,4251451,72406,72185,232,3,4.5293527569403125,4.242448901150319,105,6,2,96322,0
6704,4267915,103947,12262,137,6,6.048626888861593,4.198056532222444,62,8,14,364234,0
4668,4840550,194232,75076,205,4,5.246500095980316,3.0661977532624087,157,3,15,419841,0
7506,4198895,89807,58959,162,3,4.0846944878563916,5.3562731582995164,116,3,0,91645,0
4914,4238711,76766,16988,68,6,5.707537391122495,3.7979349294183242,192,8,4,265687,0
7392,4424084,152296,62720,153,3,6.376240674506765,3.639847704701859,77,6,7,344806,0
4126,5121397,79931,17518,70,3,6.072876225864375,5.498522313469179,150,9,14,77962,0
7359,4675527,187986,13560,30,3,4.692995350526349,4.796724178761311,76,7,1,225197,0
7319,4938350,178847,18072,65,4,4.1333127123333515,3.11840943324822,132,7,16,166154,0
7292,4625858,197529,42188,70,3,6.350878531345451,3.154713692563941,123,9,6,67665,0
6819,4375841,186887,53369,34,6,6.3426568121992535,3.0637539099004947,117,7,2,411815,0
6027,4583489,86564,38512,6,5,5.331038299282174,4.499047248782173,148,5,17,250102,0
6984,4290480,81822,18537,241,4,5.605793529178838,3.1789112501548793,174,6,1,388276,0
5231,5001972,101395,23941,131,3,5.156500151777021,5.333470892112326,97,4,2,314183,0
7293,4386752,120470,69666,102,4,5.049413417746896,5.342266350056695,177,5,18,444117,0
6371,4588963,181999,77383,238,3,4.298621089821751,4.3651351668702,77,7,10,498652,0
5975,5221936,160024,62799,57,6,4.24188224590274,4.5415973284898765,93,4,9,320939,0
6166,4815022,146665,17238,103,4,4.581830366690468,3.7297360038131244,96,7,13,208476,0
6425,4675139,181754,67386,216,4,6.091601866016361,3.1599313560206834,193,7,12,240307,0
4248,4763694,146883,58439,161,3,4.3645807518392,4.843651112979539,67,5,12,421432,0
4668,5016472,106857,46824,102,3,4.566746629786777,3.254464971872544,109,3,0,241985,0
5101,4461147,111950,20026,65,3,5.371535148305519,3.213894102545983,113,7,11,283882,0
4565,4861626,127552,79767,8,3,4.5378280451956865,3.7780577730105596,170,8,5,137300,0
5896,5109387,63315,40982,21,5,4.408016711794468,3.031164149594705,122,8,16,495529,0
6833,4794522,161257,13092,41,6,5.408290604244906,4.08508903939079,195,5,10,342859,0
6776,4662535,147916,24697,201,6,4.920233177491538,4.7692022752001915,161,7,2,198593,0
6025,4346484,159670,38088,163,4,5.5653982146011725,5.003372328554848,155,5,17,313280,0
7598,4454654,130091,14362,110,6,6.280513351021691,4.510768259497303,162,5,5,230512,0
6411,5186282,167444,32675,200,5,4.377482828587669,5.117185507784781,74,5,5,119688,0
4420,4761856,192462,42788,41,3,6.283584149532659,4.016255509417776,117,4,18,443636,0
7229,4510284,135490,76405,53,3,6.2562249185572965,5.121930212651192,137,9,15,448548,0
6449,4632994,116657,16046,100,5,6.072718958339757,4.266183276245949,81,7,17,425702,0
6695,4800398,65692,50380,234,4,5.578214793265213,3.557590319995738,67,4,13,215810,0
6411,4757963,166801,74103,157,3,5.550366643663868,5.360364116651165,70,9,18,165380,0
6363,4928072,185595,66433,217,6,5.5980316498412535,3.6874271845927913,168,4,2,72382,0
4466,4464304,154923,74745,63,5,5.726238878044533,3.065503710469483,148,7,11,379192,0
6386,4875074,179835,21923,217,5,4.041205501490393,3.6066851073875674,92,4,5,197546,0
7351,4658484,179179,66094,18,6,6.395231447901624,3.916718903143569,160,5,7,451499,0
5340,5180588,169714,78504,58,6,5.464009403663949,3.8783742082231605,154,7,4,441435,0
6565,4359898,125432,32822,133,6,5.953664598506054,4.311668773608929,172,9,4,107681,0
4222,4349953,64979,44904,12,4,4.943204597653407,5.207817205089809,186,9,8,462630,0
5519,4678387,50486,47158,219,6,4.03099303478949,3.7308455677742476,182,9,18,113129,0
5884,4727350,80659,44557,222,5,5.27433664969111,4.301926519897922,77,4,12,270679,0
8121,4918739,114653,30284,138,5,5.267975298289823,3.850347384221198,165,3,6,263268,0
4974,4617964,161540,77961,78,6,5.092473220778629,5.054432648433001,108,9,8,480352,0
5228,5152404,118371,76954,25,3,4.849292635405192,3.394003783221196,110,9,10,345788,0
5769,4691505,53471,36651,158,4,4.624565219524305,3.258775670775146,147,4,4,443858,0
8161,4329923,81551,66370,137,3,5.318862186242957,4.257488133094005,140,3,10,318110,0
7591,4319312,196883,37826,194,4,4.938195349233736,4.67971896441373,112,7,13,421353,0
4238,5214994,198203,65636,154,4,6.4248297076245215,4.988813002726916,199,3,4,433453,0
5054,4334912,106571,50932,32,6,4.432318269417329,4.474062132263291,76,3,11,436869,0
7461,5188198,170747,42911,31,6,4.799163919067717,4.9346244032975015,64,9,14,235227,0
4334,4485887,157896,18963,199,4,4.734901177311428,3.9817751464023097,54,6,10,221843,0
7600,4292250,189690,55821,40,4,5.358272940589893,3.0821691756661727,172,3,5,493169,0
5248,4513809,183135,32475,240,5,5.2482006424353695,3.2902482697538913,110,7,11,390411,0
7854,4838861,144311,25180,27,6,5.6093511635606825,3.0968065030724903,115,5,15,462787,0
5298,4642993,109194,23524,186,6,6.3750044264355195,3.8223591261912317,147,6,4,309802,0
5874,5018044,143998,78731,249,3,4.713052713734669,4.238728353171705,115,9,11,468061,0
6807,4834970,97869,17229,112,3,5.731928923137492,3.8907937091423483,136,4,13,373857,0
4613,4614556,102213,65896,14,5,4.062600507512959,4.40149868766598,58,7,6,384154,0
6377,4859760,141311,70630,224,4,4.655971181834062,4.201522871231969,73,8,7,130003,0
6164,5212956,135709,12173,47,3,5.159299319991482,4.694857004659851,189,5,17,305098,0
7306,4626119,137148,51253,135,3,4.077486971202836,4.6674054089085155,117,9,7,379127,0
8176,4355201,107701,50418,252,4,5.544173651384098,3.7951603677716985,75,6,11,392449,0
6817,4622944,111370,35107,190,4,5.69577652100427,3.865536138402729,105,6,2,480916,0
5772,5075228,51528,56670,11,5,5.866829287095117,4.462869554103259,100,9,18,197125,0
5760,4422504,140266,38606,210,3,5.29143626210753,4.491081169727105,91,7,11,186198,0
5807,5189552,136367,40778,41,5,5.509861662446567,3.786749784092833,94,9,15,486265,0
7430,4811187,190307,40206,191,5,4.990163128196218,3.825794714438563,159,8,12,493772,0
5411,4825099,125641,66047,158,4,4.103132581266406,4.735112532965368,66,7,7,130946,0
4779,4526745,120146,54320,73,3,4.2498796394362826,4.618527057190174,96,4,6,220269,0
5465,5159473,60152,36533,108,5,5.63748981050366,3.337627011699437,120,5,14,476640,0
4189,4232115,79511,74873,30,5,6.488888248964441,4.1026046991884835,131,9,17,139875,0
4530,4507483,100705,66144,252,4,4.03950809790824,5.231765196776475,182,7,2,402424,0
4464,4633028,106580,75294,61,4,5.393958742065957,3.090764190261188,188,4,16,100528,0
7256,4694763,104402,61135,79,5,5.877521882206395,5.137909866210534,94,5,16,130240,0
7054,4691468,109116,37404,128,4,6.0669370700346965,3.407945392660359,130,8,2,403232,0
6949,4349414,165337,64105,172,4,5.3630122530566,4.26812158115429,53,4,2,323360,0
5987,4430855,69666,33048,129,4,5.549789950460263,4.060841072307529,142,3,13,299671,0
7033,4294172,99838,28965,129,4,5.7418123631863835,3.025323343353647,72,8,16,435463,0
4756,4794569,74430,41573,149,5,6.1474156242335765,5.28849234272408,60,5,7,188209,0
7784,4562216,96169,77851,219,4,4.305723843007047,4.137313068335764,150,8,12,276483,0
6148,4787558,152684,49755,101,4,6.3154554906871585,5.385670691901538,76,6,19,323802,0
7938,4812664,57014,36858,213,5,4.065043508878925,3.7168597524480447,121,9,6,382940,0
4719,4930406,100921,42327,201,4,6.090499377394439,5.1656894335399315,65,6,4,199445,0
6133,4767912,53552,30385,246,3,4.191851066399243,5.305973934989076,161,9,19,335135,0
6948,4873727,193234,56112,233,6,4.4865705290123055,4.392081040926952,164,8,5,251760,0
6126,4809975,159088,34529,204,3,4.009735365952832,3.5066944696692937,136,4,9,293881,0
5923,4878429,86539,48807,63,5,5.113141763840102,4.7131185802643,175,9,8,438198,0
4776,4840902,79729,35887,198,4,4.83589806679348,4.372445166323651,115,8,10,227144,0
5656,4525878,64838,32450,188,3,4.414982278717568,5.361324164631565,77,3,5,350674,0
5073,4452551,120931,77916,74,3,5.127725402009766,4.098180154526229,72,3,13,473896,0
5330,5019986,163025,34201,173,6,5.005927207930459,3.671284119099555,82,4,13,393080,0
6896,4553653,137631,14936,64,4,5.919152581746854,3.3457175037352678,80,3,4,494925,0
6677,4770123,182155,36501,133,4,6.232825765175081,4.746583921716699,98,5,9,312572,0
6583,4400845,101572,47250,203,5,5.631418129417705,5.435274047451456,82,9,1,176878,0
5577,4646678,91717,16624,48,3,4.31102597181631,3.070859426428496,138,6,4,496129,0
8026,4749696,121707,31397,86,5,4.738476986774627,4.8511133869453165,72,3,19,340059,0
4455,4850725,80313,21624,203,4,6.2832957420807,5.317325906399167,143,6,10,158634,0
5499,4746249,196346,45045,116,5,4.221836232519723,3.1869538355683735,100,4,12,192735,0
4579,4572480,77864,60617,245,3,5.017139598477066,3.275425112765333,153,8,17,168031,0
5484,5202794,121830,77793,2,6,6.356261548083703,4.729892746124271,126,3,14,425123,0
8035,4731950,128301,37236,184,3,6.3766621036737146,4.61990843973947,185,8,15,91651,0
5596,5041868,58556,70428,208,5,5.0280079426222315,3.172068538290614,115,6,14,382957,0
7817,4966795,120262,25017,234,5,5.668492220246994,5.086056880377891,94,3,9,299308,0
6123,4779742,118205,64634,40,4,5.141863995884997,4.308559619612231,138,7,12,83062,0
6962,5123764,88915,49387,251,3,5.883651348590854,5.267993433341531,148,6,5,326011,0
5969,4328802,69195,63072,100,4,4.078953326732496,5.194977202481761,115,8,17,388918,0
5185,5160102,56775,62887,90,6,4.360392872303396,5.031269422625414,133,7,3,376682,0
7226,5085830,51287,47270,91,6,5.535497008858998,4.289747240611053,120,8,17,287831,0
8065,4722401,122223,28019,163,6,4.581380656107659,3.6292766043735805,95,6,17,200950,0
5175,4963321,63476,46832,168,3,5.665130748172872,4.264938759777832,97,3,2,123729,0
7285,4739851,193899,67875,121,5,4.878057318653246,3.2520284445044503,186,3,14,55515,0
5165,4476123,86712,77946,18,3,6.216613895319553,4.647115371183565,151,6,19,211799,0
7032,5033028,147877,74925,252,5,6.048148463899967,3.3349430480725193,64,5,11,334503,0
7327,4452171,151023,22702,56,4,5.232094500171955,4.277932406251807,194,8,6,66945,0
5936,4524029,124325,51817,24,5,5.932237717737144,3.1359549354170446,156,5,17,499412,0
7114,4738820,182541,17321,152,5,4.677844715587726,3.7487812256866144,57,9,10,313678,0
5211,5072363,66603,56826,105,6,5.235649442029656,3.5802011516744696,159,4,2,182547,0
4420,4596879,85104,79463,157,4,4.493705129658196,4.550078856779177,138,5,4,482947,0
4490,4712449,87865,13680,224,4,6.152215421302484,4.966966780056271,187,8,13,132770,0
5927,4237993,70312,55960,24,5,6.057669041421037,3.1432573863513156,123,3,9,480919,0
7793,4315788,94216,76186,72,3,6.255374171022503,5.125709212888461,127,5,4,176795,0
4618,4252969,96903,69302,132,3,6.193692453060649,5.151919237386512,97,8,15,220878,0
5962,4269863,164720,37473,201,5,6.3989906551487366,3.855672685720057,98,7,2,241436,0
6979,5105013,95243,17274,153,6,4.570840579079815,4.647510164925805,142,8,4,497676,0
4924,5077197,181506,74673,97,5,6.329560726988289,4.006532579258623,174,6,9,162910,0
7051,5056114,165901,74492,156,6,5.428032978379994,3.385477205474079,183,9,0,487792,0
5349,4252571,185246,50528,250,3,5.05623770979538,4.321656046407776,165,9,7,206132,0
7408,4275720,65783,78522,122,4,5.400934739919682,3.2158991862539916,141,9,18,178332,0
6468,4488546,197685,10323,226,5,4.8565058916256945,5.196180388489969,125,3,18,337193,0
6336,4787058,142094,53162,199,4,4.721382517402381,5.310724398524021,100,7,17,362187,0
4820,4544664,197355,12697,77,3,4.603285844943822,5.054032842528509,165,3,6,205262,0
5993,4705547,103226,75498,63,3,4.206069973642817,4.406320301889947,97,4,1,110330,0
7604,4375701,192949,57629,197,6,5.241412242867969,4.393996477813637,90,5,16,228226,0
4175,4960580,138290,73940,53,5,6.2194041892847185,5.461518441502324,180,7,7,293189,0
7202,4523445,60773,49386,86,4,5.575379923185961,3.6197542245779575,138,6,14,68014,0
6114,4264077,111518,15828,60,4,5.302439081889434,3.1898709147630187,103,9,2,85393,0
7042,4973073,70669,11857,155,3,5.071482295627291,4.404852309002944,179,5,13,463074,0
6812,5140946,191191,33490,75,6,5.16100406579298,3.8219639945252584,194,7,11,66138,0
5865,4209700,95669,62042,168,3,4.523193368929878,3.8058469320201107,97,8,18,233098,0
5360,4652188,83354,20572,239,6,6.057339692982743,3.0177133854248703,128,9,2,393752,0
6665,5061658,132934,69650,212,3,4.49595740820382,4.490598523869832,122,4,8,197664,0
4670,4934771,113774,26763,242,4,5.791556891818282,3.660084255689035,155,8,19,272647,0
6488,5092459,64546,44749,6,4,5.899962528740382,3.4696463704817027,192,3,7,88917,0
4483,4629683,172474,24215,116,6,5.437172605069335,3.101079828482509,132,6,13,407496,0
6757,4584648,176869,42603,56,3,6.157315937387072,3.9109039411890283,169,5,3,335382,0
6671,4937928,161444,41652,234,4,4.727625881126625,5.197422180966143,139,9,14,433244,0
4441,4355378,142513,10383,182,4,6.204043053107158,3.8416770189934306,183,8,5,438721,0
7198,4445355,110383,49746,81,4,5.82352614899826,4.697685525298985,110,9,11,207862,0
5799,4824330,131354,65065,144,3,5.996874569404402,4.8913674085047685,107,8,17,68518,0
7319,4895229,128149,75539,154,6,5.6614492738182856,3.820252022975499,113,5,13,205857,0
4266,4319789,74796,33150,126,4,6.115857542474924,5.054101837530103,199,8,9,115372,0
4831,4727305,62271,71641,121,4,6.48274715679409,4.729699149167373,141,3,3,289983,0
6119,4576949,87988,71513,14,4,5.0504071363115965,4.398105571752379,72,6,6,115875,0
4866,4720421,118150,79186,115,6,6.034789209273926,3.0024811601265724,56,3,16,464855,0
5447,5199289,74046,36114,89,4,5.861449398795084,3.0877269148070203,127,8,4,321023,0
6801,4274635,66000,69562,209,4,5.132175414280045,5.4771646102651586,170,9,13,163865,0
4687,5238124,177789,49555,221,4,6.31737249933128,4.955709808758899,121,7,9,464553,0
6871,4665721,106249,14078,192,4,4.986064823931486,5.343913146932367,134,8,6,396359,0
4519,5003914,137634,28923,7,3,5.413664790690594,5.255758012295068,169,4,14,246995,0
4813,4639393,128604,57043,215,5,4.264855892477404,3.051107457856877,127,9,7,115928,0
6502,4520370,160269,21241,101,3,4.564437985165665,4.979618224477685,186,6,5,204712,0
7346,5002336,160971,40431,106,3,6.101740426334402,4.127864360027886,145,7,10,312803,0
4794,4915373,94404,64243,241,3,4.991381807072118,4.97389551000164,159,8,15,394628,0
5324,4345359,177186,20483,222,4,4.985210223538146,3.0167894604084626,167,7,17,167867,0
7885,4933976,105687,44761,13,6,4.614952545476551,3.7204982530014106,144,5,12,384156,0
8149,4983962,175280,25040,92,5,5.229025835743636,4.878309439478255,57,7,13,177276,0
6476,4600985,110728,47554,191,6,6.014542403376556,4.982551971503974,114,7,15,161040,0
5927,5164917,66649,26849,137,4,6.237910294434349,4.54928650303656,71,9,5,251158,0
5516,4866324,164002,77579,65,6,4.175286080110459,3.7531404736156593,126,6,5,122371,0
6604,4544138,54524,15369,134,3,5.437051828100289,3.775906478219657,71,6,9,232094,0
6516,4205552,165852,77450,221,5,5.168183419730836,5.416909909105081,126,6,12,211014,0
5303,4902051,56474,65431,57,6,5.535704626178946,4.098030448085511,101,3,12,176018,0
4189,4413516,81022,69894,190,5,5.118189217270673,4.117813875609593,53,3,3,399021,0
4716,4987579,140504,69605,188,6,4.996612052133537,4.380831875601749,68,3,15,199277,0
8022,4744898,191230,23132,226,4,5.179701781073724,4.023755842160972,125,7,7,362778,0
5808,4683702,111271,75176,76,3,5.454997821891036,4.381678911493536,61,5,17,374130,0
6071,4366009,68098,51599,55,6,5.252458027579442,4.080838556918895,178,9,14,349634,0
6009,4940371,84936,77351,140,3,5.180361127551615,5.066787299005467,163,7,19,171198,0
7302,4368269,184418,71470,136,6,6.044588274895202,5.272627549495709,156,3,12,423242,0
4362,4632350,159010,50572,104,5,5.864119978094644,5.330275649538404,75,3,10,156448,0
4434,5071232,65059,36212,199,6,4.853446235452982,4.410740514573466,169,5,3,174708,0
5225,5159377,107734,18210,204,4,6.001442793788302,4.105371393661239,145,9,7,443744,0
6089,5231485,89680,17077,62,6,6.13412667251125,4.763100146979594,108,3,17,202857,0
6844,5198852,76674,37279,203,3,4.383730513435476,5.095808978239766,50,4,7,363658,0
6105,4777280,176971,66767,59,4,5.456706154326897,4.407455605165943,129,3,1,69052,0
5903,4404523,142656,45374,104,3,4.713279983998034,4.749952554555653,169,5,4,326445,0
7937,5074132,76923,43723,6,6,5.847930804816807,4.87432337680312,55,9,11,440935,0
4755,5034874,147604,27111,87,5,4.596963323396708,4.690984441793217,57,7,12,368916,0
6437,5232731,112035,49507,245,6,5.67850881043258,4.865333889323274,107,6,19,312093,0
6317,4876872,59221,54665,113,6,4.6378116401440845,3.5216133313899958,126,4,18,432063,0
6035,4342778,117478,78750,181,4,5.277859408574858,4.245936367554494,121,5,10,184155,0
7403,4721635,77784,61059,27,3,6.37161616979048,4.470671386512718,113,6,11,219551,0
5189,4664323,86788,52504,162,6,4.9532688461410865,3.006194827142558,88,4,16,81237,0
8002,5078198,181849,73705,95,4,6.189346214908019,5.139906272034205,58,7,0,364267,0
5454,4605946,156536,39748,190,3,6.467361453009737,4.52506127111228,54,9,11,375534,0
6328,4538858,70113,75446,237,6,6.1871271220129085,3.322840829245508,64,4,9,388120,0
6228,4278241,177700,35898,136,6,4.414665074308357,5.040892681439567,153,4,15,386931,0
7576,5070343,136146,18944,26,4,6.049145548837908,4.792642416101362,167,3,16,107322,0
5893,4986325,181186,39233,121,6,4.0803734877514035,4.8957488586590925,115,8,13,349780,0
5261,4237534,162061,19013,31,3,4.9832547092482695,3.9801061546546403,61,6,13,393498,0
4184,4649154,100898,18287,115,3,6.176833433294659,5.1355062667374805,112,4,13,141701,0
5585,4697324,130230,71684,15,4,5.721880531899799,4.035068955330906,197,4,11,264416,0
7480,4686428,129627,65632,163,5,5.331851068344696,4.426272882363978,87,3,4,460947,0
4136,5157873,157991,25484,79,3,4.969660062706551,3.001605759249684,123,6,5,236664,0
7766,4352296,87260,68640,51,3,6.030742366175716,4.612182786694656,130,7,14,388921,0
6319,4515529,99963,14823,4,5,5.773896009870552,4.795439480319842,99,4,12,288655,0
4670,4384019,86719,29907,227,6,5.171013299039183,4.417773413721981,115,3,4,345990,0
5333,4450245,94421,59427,214,5,6.231210843024149,4.24139704260904,120,6,17,331927,0
6365,5145471,74188,31265,207,6,4.574870044546581,5.024841184279271,121,7,19,342924,0
5389,5180722,55481,61135,14,6,4.4259787728965625,4.703431792913104,157,5,12,400718,0
4540,4241121,191002,71203,89,5,5.607009410833954,3.6951850993000575,137,4,4,456960,0
6823,4857100,61147,14624,248,5,6.429985856754426,5.397683345199964,58,4,18,183049,0
6849,4438467,183198,11677,148,6,4.618141433266926,4.768167985488352,50,8,4,467738,0
4582,4396218,50461,75800,32,4,4.6241759473345665,5.469847322281062,111,9,8,332537,0
5247,4500550,166603,46432,36,3,4.348747119905475,5.428153290672171,186,8,17,318036,0
5094,4398133,99260,45453,67,6,6.151408888184081,5.297274307025225,55,6,10,197478,0
6796,4708313,127649,42457,248,4,4.5659938510283355,4.888428853063269,60,8,4,237501,0
7087,5238277,92333,40352,43,6,5.25794631681222,4.523573421242419,151,5,1,343231,0
7073,4809236,123591,58308,231,4,6.477181195005512,3.4304266592073107,117,3,7,213680,0
7941,4952679,117734,50582,173,6,4.030352252305109,4.358378543559394,84,5,13,179278,0
7244,4711556,129461,21437,236,3,5.3912152262769855,4.913441305985819,81,7,14,418585,0
5409,4208886,108992,53864,211,5,5.280722606762365,4.30214289676392,149,7,4,236942,0
4537,4282505,130485,56783,85,4,6.018618441025387,5.170597821014145,128,9,3,340072,0
6613,4476237,173818,17952,211,4,4.888203848881942,3.2741397479792456,145,9,14,64035,0
7847,4449807,115184,36371,43,4,5.025853397247603,3.9523508701215855,92,4,3,84769,0
8090,5075715,104206,65335,74,6,4.41984495149716,4.264911046484143,128,3,1,431677,0
5038,5078870,69763,53310,54,4,5.852038079089467,4.08081323967277,179,4,9,113983,0
5064,5089915,103957,19545,34,6,5.961772272970371,3.271466369553883,97,9,11,408110,0
4249,4862864,68849,12806,23,4,4.341658301947076,3.383820735111576,109,8,4,455083,0
4674,4777493,77375,50684,47,3,4.983642684970804,5.094043232138718,74,3,4,266628,0
6368,4874986,192837,42320,30,6,6.2322624884067075,4.210960648003628,145,4,4,448024,0
6335,4620871,63412,77273,97,3,4.006768184189468,3.121806066881819,54,6,6,242252,0
5615,4897063,122304,46557,18,4,4.74689767655658,3.0412281474441247,87,7,0,478324,0
5365,5027337,175145,75204,15,6,5.38760571263137,4.183688504985817,156,9,0,156701,0
7494,4994265,192980,25002,253,6,4.835234649149883,3.4109468148111093,52,8,7,242532,0
5980,4837951,72007,41313,22,6,4.6801129729441735,4.762814864998054,198,4,0,225011,0
7406,4255235,74536,19773,18,4,5.150093712258031,4.988308656319378,110,3,6,402827,0
8041,4954468,105889,50196,7,6,4.453807770274234,3.570741771142764,109,7,11,69673,0
5395,4578720,133162,23193,33,4,5.32406310239871,4.480442362204451,130,6,0,422701,0
4926,4974095,193971,44458,135,5,5.766739803283064,3.386111608713465,145,9,12,60544,0
7999,4760039,81157,34089,211,5,5.4382373815712555,3.7589566289859677,118,7,12,192063,0
6696,5118294,74659,23001,188,3,4.232773327146328,5.221988735453584,182,6,11,318230,0
5287,4549201,87977,16776,148,4,6.111021535413933,4.360245228705777,194,5,12,115401,0
6643,5170941,181147,45843,21,4,4.437444593718721,5.214721737860501,80,3,16,270552,0
6205,5079804,54508,76312,198,4,5.912030001527821,3.563119510448767,156,9,1,498661,0
7805,4541494,107020,23912,9,4,4.901412776939626,3.825060858121665,95,8,3,420443,0
5144,4700317,67842,38349,161,5,5.956903370140256,4.1773803461420425,199,4,6,63598,0
8156,4751462,73560,25722,104,3,4.5156822585133645,4.200200187986358,87,7,13,316293,0
7930,5000268,187527,66627,225,3,4.466655259238575,5.494119917959251,94,5,17,318801,0
4836,4916937,50249,39043,78,6,5.242564615543706,3.2861132974278253,157,6,18,80701,0
4770,5087707,98229,78209,163,4,4.082340036745901,5.129912589003977,168,8,11,342595,0
6279,4582138,187313,27161,112,5,4.563243346955834,5.159205098554676,69,8,8,284450,0
4279,4723616,141219,15651,133,5,5.81003063046087,4.382996578844469,133,4,8,356805,0
5319,4646098,60763,50776,240,5,6.093458695763564,3.8600929206478845,101,5,1,183875,0
5878,5148038,119752,55616,182,4,4.201963409844526,4.29806526072074,141,8,9,165032,0
8066,4514099,195641,79351,106,4,6.205194273595261,3.7311692620164094,133,9,10,381181,0
8160,4809948,110067,70998,114,6,5.993793010132947,4.997768621099849,197,3,4,374710,0
4716,4320307,129294,71891,180,6,6.174210739267414,4.245697896775825,190,8,15,122773,0
7748,5085881,129782,54396,88,4,5.7460713864471,5.314605447193626,148,6,16,147379,0
4468,4597185,149067,35187,42,5,5.685382668234912,4.5567283608901095,151,7,6,313862,0
7162,4551439,78085,40031,119,6,5.3127330833621595,4.285798332786708,184,3,18,423067,0
7559,4805537,175952,19362,17,3,5.631968061228287,4.777673384944131,77,7,2,140808,0
7744,4717351,198290,40175,43,6,6.297774161416513,4.259832411075585,158,7,18,148602,0
5011,5083471,71383,35510,107,4,4.251305003541771,5.261265876048618,165,7,15,413500,0
7755,4751528,172746,12512,203,6,4.789411194615228,3.461114902217103,69,8,4,363517,0
4571,4736412,172536,24312,200,5,4.181137433989679,5.4333717093647635,182,9,13,456028,0
6221,4304383,161242,47422,66,6,6.3620129298600965,5.03047637962798,154,8,6,402536,0
6019,4217307,105631,35854,108,3,5.11316366499847,5.151833404662174,102,8,15,478975,0
5390,4612216,120313,79548,39,3,5.688361176690471,4.207269580927678,122,9,3,135025,0
4186,5240998,175881,43496,193,6,6.102800161260804,5.093003873343994,123,7,4,172372,0
7258,5156202,72931,77109,63,5,6.477500620191222,3.766935208943013,187,7,6,157093,0
5470,4853837,174311,56249,204,5,4.4044561444806645,4.904870446410438,195,6,3,74945,0
6806,4855779,188099,12827,215,3,5.998781514295572,3.3511253959725567,171,8,6,400596,0
5776,4604825,152280,24241,176,3,6.218557245341841,3.767629789906272,147,3,12,347789,0
5626,4380433,101208,59405,84,6,4.1221884421271895,4.114331658399332,65,6,12,88699,0
7726,4203265,133872,48158,243,4,5.885226400463933,3.805799295358555,187,5,11,139159,0
4482,4549619,57516,31123,175,5,4.886813302991376,3.967542789060459,70,9,3,135842,0
7113,4526144,189770,46545,165,4,5.6214919786760795,5.050261861959245,75,3,4,231318,0
7154,4395214,101360,73209,219,4,5.285120490097162,3.641689730355419,60,7,18,254988,0
5652,4466060,58564,37209,225,3,4.649355630216593,4.86320293038643,192,4,5,180046,0
5171,4220332,169168,13158,19,6,4.3380534050099655,3.1842801727791294,123,9,2,468581,0
4117,4831796,148633,31767,225,6,4.292368082723021,4.914347768787652,85,8,9,145745,0
7933,5166816,143406,75511,195,3,4.258307144271229,4.9800581070744325,62,4,0,302845,0
7977,4918660,58114,63324,52,4,5.594475100336444,4.004246938756205,111,9,6,247091,0
5083,4664283,162625,68623,78,5,4.878527128498845,4.806194557918676,158,6,17,224455,0
4226,4634987,145597,73812,192,4,4.541583595514681,5.287846009362748,199,9,5,421605,0
4598,4516777,169045,18225,55,5,5.729712731764757,5.0017824338863175,132,8,14,490266,0
4373,4343627,174099,29787,115,4,5.717123914416167,3.9761162759924,141,3,9,52644,0
7500,4821852,81793,14187,176,3,5.347920730892494,4.210533785700161,175,4,7,258670,0
7749,4788347,81595,10331,166,4,6.337394542164628,4.948393861964513,185,5,13,103620,0
4723,4201973,188567,68429,232,5,4.963535578603553,3.731486474622809,91,4,11,245180,0
7154,4630009,129654,75586,28,3,6.089657428173233,5.009706850772184,198,3,6,327665,0
4830,4485831,115698,20903,75,6,4.1878485198304904,3.8201778564023527,127,9,4,235239,0
5600,4372857,93080,60551,252,3,5.849577735096261,5.014976455963845,189,9,18,189093,0
6551,4931488,145852,47442,145,3,6.4711185345798246,3.217001108376808,67,6,3,190481,0
7044,4745672,163093,14845,63,5,6.1164955407195425,3.1109932422764754,64,4,19,184940,0
7678,4858859,50346,74102,74,5,5.449161798275148,5.494188618424555,182,4,9,196562,0
4279,4942443,132895,70986,86,4,5.566915160817901,5.173642808086722,150,9,19,218293,0
4900,5223802,199005,49721,141,4,4.883223873592367,5.20711875866551,76,5,7,359526,0
5244,5036061,92096,59552,72,3,5.69871304564526,5.378199869016544,184,3,11,93201,0
5367,4844796,92134,37806,159,5,5.925988457953318,4.095790773536219,65,5,12,68376,0
8183,5116024,181719,65498,113,4,6.495571202794634,3.7170888867003806,152,6,6,282534,0
7280,4695005,59309,41151,156,3,5.2311572925010825,3.3250624875447574,80,7,4,356817,0
5408,5226906,109628,79242,39,4,4.153260164433606,4.2530228338461615,60,5,10,166422,0
8076,4992723,118739,14418,159,6,5.489644876827463,3.5501208011915195,170,9,13,140542,0
6141,4876804,169681,22050,236,4,4.297560374955421,5.338877141848299,177,7,5,331142,0
6147,5141511,69354,77812,34,6,4.611912608890275,3.0100079061069476,65,9,15,222893,0
5872,4734403,115108,30214,83,4,4.821949778264343,3.357991844357804,63,5,12,381230,0
4685,4950008,72849,31745,177,3,5.827574682871027,3.6161896327085667,142,7,3,115942,0
7923,4492865,168145,65389,158,4,4.459520309696251,3.497391778982988,54,5,18,104500,0
4153,5204304,144842,23255,172,4,4.4143823671058815,3.564446091449276,161,7,0,298737,0
4809,4847952,124510,45947,143,3,4.112410606247069,4.640119012652946,187,8,13,226619,0
5036,5014295,108939,30023,174,5,6.183099840884703,3.818780195782873,162,5,8,378207,0
5240,4677422,72976,23855,156,4,5.733763560890152,4.537560954758433,84,9,13,277757,0
4635,5103211,188277,77506,18,5,4.099866164044066,5.225644834115728,78,9,15,209595,0
4169,4272085,147149,23992,192,4,4.070730764095287,4.506391913814255,152,9,13,121854,0
6871,4313950,97873,16600,114,4,5.39668574118764,4.736331978215953,59,4,13,123537,0
8066,4726054,112090,57175,13,4,4.706336003216777,3.9137582455533932,130,8,16,390131,0
4595,4962295,158927,70711,104,3,5.491815876079822,3.399346169056773,117,3,14,151927,0
5310,5042831,157934,18924,111,5,5.086510439202414,3.801460156124765,161,3,16,276101,0
6169,4655770,119164,59549,22,3,6.308281405775636,5.41070662176027,80,9,8,418150,0
7895,4875535,95435,47855,254,5,4.71952253740342,4.5545284611328425,164,4,4,454025,0
6939,4774275,148992,68101,56,6,5.697863421097233,3.693777798585038,154,9,4,170441,0
7234,5202533,148734,18886,84,6,4.135135779046498,4.1272881679052595,85,6,12,99328,0
6476,4880180,139954,78312,112,4,6.389651335472314,5.088782593577486,103,5,10,398616,0
5804,4631396,60927,53337,213,4,6.451893669770881,4.671108926764434,59,3,1,359274,0
4914,5211228,120917,68950,190,6,5.847686572541031,4.401632101822921,117,7,4,199039,0
7636,4306766,142087,35337,197,4,5.163031178908933,5.212907191584603,89,8,19,317105,0
7389,5226708,192509,76036,60,4,4.549983598318153,4.6810989305419755,67,6,14,134929,0
4198,4355798,128834,53845,216,6,6.031290850619912,4.606824326977739,133,8,15,365306,0
7026,4496533,101407,18885,212,6,5.8408852428675555,3.4744203430269205,135,5,3,377288,0
4441,5055677,133368,74603,118,6,4.554885098902373,3.2659717075310195,62,6,1,184716,0
7122,4963700,76585,65705,139,3,5.128038235393165,5.412855292643497,77,5,5,260845,0
7479,5211794,63604,31014,9,6,5.156997344541963,4.497145925250882,62,7,17,200330,0
4632,4980718,151714,48197,194,3,6.066026374931773,4.039208522866073,151,3,10,64074,0
5872,4862255,197927,37164,245,5,5.709611710835191,4.472552052275544,100,6,15,107289,0
4602,4557628,176901,48044,120,6,5.607918858850137,3.1545299026792883,60,6,9,481974,0
6419,4199245,137549,77576,138,5,5.624568556408196,5.055318184760267,78,6,9,255215,0
7895,4324190,56038,72924,127,6,4.676175198456197,3.54161383891084,196,6,12,116489,0
4427,4506546,198195,25087,21,4,4.929278149573835,5.011365015794867,88,7,19,69921,0
5724,4237239,117444,78026,158,4,4.1141557135917655,4.3359461081590265,152,6,8,209033,0
8081,4727168,93449,40656,184,4,5.967352839530309,3.691430034142257,120,4,11,492269,0
5328,5009407,183873,59338,237,4,5.082495537924535,3.075524870605176,77,4,18,223157,0
4637,5204349,161960,63495,238,5,5.095595892718934,5.039583388316514,96,7,7,499757,0
6097,4707791,162442,43805,125,4,4.613390662334067,3.4411503536732666,52,9,16,270243,0
6178,5111813,91662,41966,245,5,4.523568203648573,3.1295127890996834,162,8,10,393780,0
6811,5227717,198771,41948,135,4,5.469554823922573,4.889694327064702,100,7,17,403449,0
5381,5095899,117930,70378,164,4,4.58138253800919,3.875108055932447,124,9,9,62673,0
8010,4681864,129712,37043,154,3,4.160522128913661,3.973335013979125,72,9,12,52740,0
6230,4535364,162643,29594,255,5,5.918768539952246,3.6176689682017975,173,6,6,465113,0
5269,5219724,148999,35311,188,6,4.941173586015915,5.147946196742243,82,3,12,469612,0
8029,4447966,75843,23641,30,6,4.950588959748261,3.74332381526633,134,7,6,109682,0
7884,4625872,95372,37405,18,4,5.078295703789478,3.52548142437756,180,7,12,340695,0
6140,4271930,104177,17985,104,4,6.037612058520235,3.7731243158403904,156,4,15,465680,0
4197,5026540,192130,16282,132,5,4.802092239849543,3.5078739379184922,140,8,8,477791,0
6541,4875707,157175,60669,171,5,5.89509052814459,3.7941380520130186,183,9,8,183368,0
6370,4283243,104950,15420,123,3,6.348862101948859,3.2073405571704328,76,5,6,417825,0
4703,4427012,160208,49774,131,5,5.652170489811999,3.396325072798646,194,6,14,340849,0
6692,4776747,160776,64590,235,3,5.0792027029425615,4.042632208490369,133,4,11,467527,0
7539,4760967,109133,60713,85,3,5.869474307866662,5.198667138974691,111,4,10,116023,0
4529,5035324,110471,41225,126,5,5.144743424378464,3.1432268668057146,88,4,0,320450,0
7058,4473327,184144,23554,142,3,5.0360681777703515,3.5316867669000764,161,5,2,61020,0
4670,5163923,134272,75147,119,4,5.313207908931708,5.270864188853991,196,4,0,210789,0
7163,4660368,72427,68461,247,5,4.794305837023234,5.225036685399804,153,4,17,55133,0
5812,5056844,157967,52855,246,5,4.260625540700003,4.698627083239853,54,6,17,249311,0
4122,4444264,138435,16073,131,4,5.037130013815413,3.601183885238095,120,7,1,414988,0
8053,4233070,126340,12462,115,3,4.309642202823255,4.049526402639464,159,5,0,346114,0
4775,4252031,158765,32065,150,6,5.026103683888617,3.5280524860949125,109,6,15,192592,0
6537,4585110,186062,21026,46,6,5.392334303033626,3.321471272813008,165,4,10,242119,0
4839,5193757,99565,70224,109,6,6.326777953014117,3.949995986284729,156,7,6,215349,0
7917,4245368,112895,24407,55,5,4.090555827613259,4.439554012675876,60,7,12,379252,0
7120,4581205,78424,29785,36,4,5.55364601625486,3.899831688662013,133,9,4,169794,0
7390,4308894,147060,78301,24,6,5.144337966625193,4.527061376164925,75,3,3,91331,0
5865,5171120,110407,67278,150,4,4.050652820510348,3.7406368384482636,122,8,7,278028,0
6010,4902413,101354,25309,0,3,4.623870439846801,3.8646263194019754,107,5,17,423493,0
6694,4994044,154478,36848,165,6,4.296213130887004,4.976683979111524,171,3,15,264711,0
7310,4942209,111223,46102,110,4,4.541985364328612,5.195786827234645,180,7,3,141884,0
7565,4883246,119655,56498,93,6,4.6864256086522955,3.8050852038276304,119,4,11,70727,0
4169,5005608,116007,75532,196,4,5.003265838455491,4.42878950336319,130,4,17,474776,0
6813,4202823,88780,70978,137,6,5.322598483722226,3.69540570973067,143,9,19,392326,0
4543,5101800,68871,78403,187,5,4.002474984815965,3.133336604268569,148,4,15,119995,0
5275,4970108,174085,12845,181,4,4.404673401571852,4.84464295340102,145,6,2,83268,0
7493,4969654,63758,26545,8,4,4.233915964022001,3.4275087080903757,167,4,4,108123,0
5122,4606852,98731,49410,55,6,5.374183498156859,4.064281309367293,197,3,4,219439,0
7359,5034078,150123,13438,145,3,4.822687176003175,4.217613733447892,174,3,3,415344,0
5992,4594669,69694,34873,249,4,5.370994340086796,3.4611789604477647,70,3,3,121943,0
5048,4245646,148327,20752,39,4,4.554558255436694,3.236388376658491,121,6,6,418415,0
5465,5146219,159959,75304,27,5,4.060573385218962,3.8700325366776767,119,6,11,50850,0
6270,4440231,149436,14432,240,4,6.353417253175617,5.380714768875796,126,3,7,382441,0
7230,4301154,95754,20388,247,5,4.270770302972485,4.537838974971054,129,5,8,177086,0
6578,4846411,52964,23658,42,4,4.317146869904292,3.9535255710072565,157,4,4,482238,0
7918,4439307,183102,20401,102,3,4.366367066275351,3.0972770519355373,113,6,3,264130,0
7650,5094113,98982,49799,160,3,6.453191309983182,4.5006832034777045,89,9,19,171742,0
7181,4659609,170750,35504,49,5,5.54415060042499,3.2306441023384314,118,7,11,159316,0
6566,4199022,79671,73871,83,4,5.525724879259626,4.356360177618816,178,9,4,421991,0
5283,5192252,74361,28257,101,4,6.466745503796324,4.8798762706793575,96,4,16,231349,0
5785,4733931,166722,47605,164,5,4.221096923186637,4.058963370736966,53,4,16,208418,0
4582,4470055,190959,56206,78,4,6.436252231355723,3.748528737041311,196,8,19,381050,0
5628,4904491,179094,53819,105,4,4.510032866385102,3.1184605845439965,79,5,3,291829,0
7890,4750689,162686,65746,74,3,5.557678758905089,3.061944687903992,140,8,12,348726,0
5840,4225349,87002,24130,194,4,5.050208913256979,4.075066424113803,170,6,19,250520,0
4561,4990851,186981,45521,39,5,4.959879533692946,5.20836317675742,91,4,16,78800,0
6766,4615155,150177,66040,59,5,6.328108321198656,3.610156946982976,101,8,4,52632,0
8038,4928115,75824,70411,63,6,4.373069321100641,4.435138764454553,92,6,17,67597,0
7649,5133445,69404,53245,231,6,6.492672527690608,4.710764549199404,72,8,8,308507,0
5218,4834577,180674,55632,241,3,4.947812652728871,3.1520746687534036,72,6,9,281131,0
5955,4898541,91272,70489,128,4,5.621937259721387,3.3827509395084427,78,3,11,386377,0
6271,4461324,164883,53740,40,4,6.419766828708401,3.8281919835489178,118,7,15,452587,0
5111,4443506,70798,76419,193,5,4.1440026259474365,4.675232935371426,129,3,2,128548,0
5196,4629464,92080,18931,125,4,6.307160907312976,4.097587780570242,52,7,10,480779,0
5065,5088509,92528,34353,217,6,5.419528463385858,4.835487670545613,176,5,16,469245,0
8169,4743960,92165,17852,92,4,5.760992197443631,5.168994663932981,151,8,10,327171,0
7151,4559241,151210,16340,255,5,4.372960459715871,4.895930691496357,60,9,5,288679,0
7540,5011784,187158,43035,206,3,5.33346857707758,5.480618018283122,176,5,1,129496,0
7440,5089100,186549,25815,57,6,5.683784286813109,4.885902671829124,54,9,10,130210,0
8024,5140678,161232,38501,185,6,5.140618268469204,5.130447987518626,134,3,14,58398,0
4527,4507769,80378,40648,73,6,4.387462945265142,5.0809158961625025,119,3,10,340676,0
7707,4938415,194087,53464,89,4,4.610297687713942,4.825664405700117,125,9,19,244914,0
4368,4813299,131311,76198,64,3,6.1359819774837465,5.004504541639726,193,7,12,136365,0
6043,4665085,131895,69457,174,5,4.086177482081907,5.336708069668525,189,6,10,110231,0
6530,4610525,155208,36481,67,4,5.772155196102031,4.1880184463157315,91,4,1,78590,0
5561,4314421,165364,32790,163,6,6.498475091286317,4.595717559781359,136,5,11,338430,0
4694,4482478,192938,63954,149,5,4.018707490266917,4.287349303931932,193,7,3,358391,0
4883,4770669,137356,18655,192,5,4.40261420704985,5.1275924679801825,159,8,14,334236,0
7473,5123926,141509,47833,254,6,5.685360752232836,4.078399007178769,183,9,3,99812,0
5401,5102728,161829,39611,2,6,4.1499770864633705,5.049316927861833,115,5,18,68611,0
5367,4391010,88266,22796,253,4,5.474474959639647,4.998386437642847,92,6,6,97797,0
7878,4906625,96156,53151,27,3,5.710000258902641,5.404715253421476,126,4,8,388219,0
4685,4283235,143821,32451,134,3,5.470365870285176,3.622301748143547,172,3,2,382974,0
7844,4902106,59619,22991,87,4,4.912961757552668,4.774048774714781,189,6,4,182673,0
7868,4552840,98073,55723,163,5,5.743205739966598,4.892298744118715,152,7,18,74841,0
6547,4666004,157699,22193,184,3,5.485736070034552,5.340696232011664,155,3,5,193880,0
4774,4946803,196419,57099,220,3,4.519092930234799,5.2672560451388275,126,5,10,414396,0
4734,4639831,127924,21346,102,5,5.407838858962775,4.433814654271121,97,7,19,114537,0
5262,5040957,109951,40433,238,6,6.204768042847318,4.44788296465995,113,8,12,408266,0
6461,4753803,116056,66559,82,3,5.667083214226125,3.4182280710105735,124,9,0,258500,0
4725,5241562,152814,26005,52,5,5.179478768484618,5.437406756059428,172,5,7,113627,0
5962,4863548,131671,63733,97,3,4.803960257173628,3.637543656758567,133,5,7,470251,0
4569,4505062,53484,60533,135,5,4.214715523593932,4.811840546128231,168,9,5,283271,0
6309,5007251,130885,73185,171,6,4.611567831897572,4.989487512013281,54,7,4,352198,0
4182,4622062,110009,21821,213,6,4.027966882717192,4.1030387615284525,163,4,10,93481,0
7000,4754420,155120,60058,57,5,6.466564793812411,3.527984300072645,126,7,7,217239,0
4322,4337771,181266,75566,77,5,4.55620563032185,3.472400960549217,199,4,5,334657,0
4893,4319444,194367,63411,240,6,6.0371898567134314,5.14124000225398,120,6,8,340409,0
4811,4797100,141534,23153,112,5,4.421612204512447,4.276891216871287,121,5,6,78318,0
7499,4390063,104384,67551,61,4,4.709002874013935,3.225342455095667,69,9,4,321923,0
4314,5240342,116591,17511,252,6,5.045693298070917,4.792548681907222,171,3,9,475016,0
5854,5091542,76469,51219,114,5,4.811014160354013,3.625427632012574,155,8,18,403872,0
6517,4929231,190390,44835,252,6,5.995877031899653,5.190986876877198,179,4,10,143478,0
6209,4964691,177096,47175,235,5,6.394233520038558,3.7739294650749384,63,3,11,460671,0
6884,4818429,178097,46368,231,6,6.188236209127121,3.500677075225358,81,7,19,357302,0
7385,4257523,99218,12203,148,3,4.383944667369391,3.2121461088873358,181,7,12,75625,0
5708,4605732,98332,45573,204,3,5.9417216908732255,4.2788278415941186,56,3,4,107731,0
7488,4714189,178492,75572,245,3,4.369867283261779,4.126843969545718,126,3,7,464566,0
5398,5154064,131682,40566,68,5,6.2834527664052535,4.878280361507857,110,3,9,144318,0
8128,4424457,155698,29383,9,5,5.294696439171446,4.161506467982591,190,5,9,93541,0
6162,4715358,123473,79637,82,3,4.840952720141766,3.859539922310928,178,3,2,252927,0
7110,4555083,116415,16929,163,3,4.392563743335482,3.6541372890823602,184,7,2,286522,0
7680,4335197,144830,44039,140,6,4.0295227204475115,3.695366863674928,93,3,6,307893,0
7342,4302326,171947,45881,20,6,4.619867479152212,5.319619754569535,138,8,18,346489,0
7582,4577431,100116,43456,143,5,6.28505015820328,3.4126965052195306,155,9,14,499488,0
6293,4280728,171371,74520,44,4,5.993155480680569,5.470441061392876,195,8,16,391658,0
4274,4264733,86630,39523,129,4,6.424484269376799,3.817298637980562,51,9,3,61666,0
6115,4562216,110424,78131,147,3,4.251903802803433,3.2209755885437437,196,9,8,89858,0
4839,4406094,186900,14677,162,3,5.480446858764173,3.6217259519696627,103,3,11,50141,0
7737,4776063,193167,61375,105,6,4.6428761850769416,3.1460359488865466,69,5,8,227856,0
5065,4212831,188581,51506,104,4,5.357354264431018,4.97507442290979,142,8,8,207665,0
5030,4510777,97406,26838,173,5,4.801137213908638,4.281382281352764,167,5,7,470093,0
5117,4669602,176498,25957,191,5,4.708663875608394,3.8424665471670023,69,8,1,214770,0
6727,5204233,190413,60377,206,4,5.434613255061494,4.655124011578906,56,8,17,63794,0
6435,4859667,196730,54632,85,3,4.4582954046738505,4.576616314875801,184,9,18,447726,0
7982,5117805,53135,52781,108,5,5.172833592430292,5.349680223068976,190,5,1,167122,0
5801,4554272,161748,13558,84,3,5.627030662610087,5.403151291870949,73,5,8,460662,0
5252,4665859,199511,51851,135,4,4.32045518295701,4.701709439163514,185,3,10,398501,0
4297,4635106,164700,78697,32,6,6.3264856771922595,5.0445398181104215,186,4,15,446236,0
4124,5124804,84976,11212,110,5,5.264311748635312,4.981062750837946,199,4,19,418873,0
5626,5200107,164388,42830,48,6,6.048819929710856,4.228258831749749,82,6,8,114430,0
7888,5203384,65786,44606,136,3,5.6347635765526585,4.761145720083542,136,5,14,331781,0
6241,4982794,122091,72772,217,3,5.7750023530563634,3.1956475192089253,199,8,18,235447,0
7755,4721854,143934,29799,252,4,5.790327352482095,4.8950527078757675,185,8,16,332949,0
4512,4761433,118467,43289,114,4,6.187749742653681,5.404582517980919,140,8,5,385648,0
4478,5222443,154975,60203,14,3,5.53401358761731,3.212436882814346,79,3,16,275430,0
7509,4492666,86033,14223,58,6,4.695542879303474,5.090289461479636,62,6,8,190674,0
4533,4557853,140933,66076,26,3,4.2487741071636425,5.332450066623178,88,8,0,462349,0
4308,5134873,146722,67554,194,5,5.515626548625354,3.565472224505155,59,4,15,348457,0
5751,4599392,145069,60375,252,5,4.165882009426452,4.31202796902301,79,5,16,448494,0
7884,4440821,93398,55372,141,5,4.603233629223825,5.319645563657471,61,8,6,156714,0
6919,4781998,95807,62332,45,3,4.151767961504779,5.400565011307419,164,8,9,427216,0
4501,4535450,88671,64722,5,4,5.372218972516418,3.319705960880791,138,8,7,195538,0
7524,5128452,119266,73237,249,5,4.40084531235717,3.8725105638886266,127,6,2,257218,0
7551,5147527,137894,39971,80,4,5.526018298583683,4.745361602877141,171,5,19,437193,0
7375,4515178,104380,41923,28,5,5.977162827158169,3.5538962484648255,111,5,0,209623,0
7793,4749569,111497,54655,45,3,6.054701801929656,3.811926571586202,110,7,11,162729,0
5078,5226094,92961,23516,65,3,4.773858770344068,3.0582276500117334,81,5,0,461997,0
8108,4972680,82828,69936,167,5,5.37238633173624,3.383804202327997,116,5,13,483945,0
5409,4420405,148615,63935,228,5,5.407526900215897,4.4058237360443595,76,4,18,189984,0
7381,4813744,172408,54174,70,3,5.182217955385417,4.632725165760457,138,6,12,187816,0
6469,4844306,93605,31115,175,6,5.637784728561912,4.622279577739592,199,4,12,152452,0
7288,4879484,179085,34337,16,3,4.525217809558834,4.945901176945542,129,6,16,60587,0
6667,4220529,135646,40448,2,6,6.448108098966985,4.038203534346978,94,9,19,298797,0
6727,4508230,75154,56377,14,5,4.245199567727331,3.683726790602889,153,8,17,164705,0
6620,5090431,104899,64462,236,6,6.073052853007798,3.0389517501063126,173,6,4,432087,0
7286,4447400,51126,57029,148,6,5.48523996737797,3.5165745651309672,120,9,11,127042,0
7123,4508557,55875,75095,206,4,4.61213686798429,3.780969530505093,87,9,16,335872,0
4647,4532461,100419,77241,5,6,5.86418750165075,3.445517141201164,157,6,5,278072,0
7479,4380308,118169,59343,5,3,4.21120223919268,3.0503611787415057,78,8,13,325366,0
6291,4357296,169626,35963,217,4,5.936044586121958,3.393619021662979,199,5,0,100722,0
5419,4558176,70145,51934,26,3,5.4749630556075335,4.665248883918931,97,9,17,259948,0
6202,5111089,175876,39755,39,4,4.276875795991004,4.57396354118149,102,5,12,331721,0
8056,4195913,85178,54036,132,6,4.198763907730926,5.339209098495106,159,4,14,203423,0
7608,4491309,70749,66848,155,4,5.877090833591156,4.995420728493273,51,3,16,443704,0
7510,4257876,154983,35853,58,3,4.732339766259593,4.419390292102978,80,8,4,288290,0
5991,4783068,166150,45403,113,4,6.223254626918034,3.343890868733028,68,5,9,213133,0
7307,4457079,140736,13194,172,6,5.90518255257544,4.410179547312892,108,8,17,63869,0
5673,5024749,67355,61560,113,5,5.745475611794291,3.1539876522854517,133,3,3,125821,0
6906,4807738,67301,44289,97,5,4.696515131583627,4.077212243527132,76,6,16,264466,0
6715,5016203,108509,42179,18,4,5.772361297554045,3.975646572367989,101,5,5,230011,0
5119,4860053,117590,47270,115,4,6.370369211287085,4.069534523407354,165,6,11,442181,0
5187,4653985,199791,25084,205,5,4.228899585926422,3.699564795986968,190,4,10,403685,0
4346,5097093,92971,51857,160,5,4.815406605008915,4.71457611905956,52,3,13,121536,0
4668,4693695,78888,62164,228,6,4.586680663653985,5.102361168246949,144,5,16,316169,0
5872,5190382,191885,34477,32,5,4.983125336001667,4.921292481497444,53,6,6,254483,0
6053,5237324,73094,19180,2,6,5.855831637134866,4.5693802394772005,128,8,3,95514,0
4772,4811937,53960,37078,140,6,5.185606453563466,4.345861998332533,181,6,8,349660,0
5803,4901670,113420,23900,45,3,5.426826515300616,3.077710450020076,169,4,12,291734,0
6570,4462385,110162,36175,152,4,4.785387220195856,4.807334996729804,84,4,15,89356,0
5048,5048514,142950,53877,231,4,4.3532231677177515,4.3624573489462435,88,7,15,260638,0
5481,4898519,181660,17937,86,3,4.667334122344322,3.6768526266597172,167,6,6,379250,0
5601,5140700,189935,62308,140,3,6.149200753104967,3.8196050971336044,172,9,18,197200,0
6164,4474282,93445,25722,174,6,5.506042405383527,5.339016966174354,92,6,1,210600,0
5596,5020151,197123,72628,38,4,4.944971682993084,4.560905612793068,50,6,2,99572,0
7114,4687423,144899,61271,229,3,5.974764954338969,4.189781086643821,116,3,0,141952,0
5437,4388478,60446,29081,51,4,4.161143581137272,4.552304349271019,142,4,18,491500,0
5873,4373816,190766,49425,206,4,4.634727719805964,4.034355812464143,116,8,3,329359,0
5650,4783782,70699,17750,168,3,4.5752578851433485,4.175455683007541,190,5,12,129219,0
4845,4529271,138289,16981,36,3,6.463411405420555,3.725773141769176,172,5,16,267238,0
6904,4301147,168610,76923,185,6,5.7652464559819006,4.099633251479111,168,7,15,136734,0
5060,4642199,87415,66170,50,6,5.5444648409713855,4.713980581094776,53,3,18,249233,0
5312,4878942,90594,20809,153,4,4.012462413236182,3.099854812716173,178,6,1,115512,0
7343,4528746,121426,29788,245,5,4.460775005224644,4.987568518240387,163,5,8,328460,0
7982,5196060,182727,23836,244,6,5.588853232432696,3.707448852153282,109,4,10,306586,0
6843,5011718,83540,37661,223,6,4.949298316204164,4.706399483581249,138,5,13,335045,0
7849,4731942,149517,30393,126,3,6.310700959197652,4.606813286700151,173,6,12,249651,0
7594,5174359,117888,32964,143,6,5.911810547854395,4.6315701228532635,185,4,11,178689,0
6065,4648308,66776,47057,76,3,5.1184601820103,4.520322290639507,132,6,6,162300,0
7251,4340757,156631,23233,235,3,5.873787443845676,5.397754595173837,56,8,2,146815,0
5440,4231887,174879,71797,122,4,6.438510809565554,4.2708604067384766,142,4,8,243240,0
5982,5177892,136345,60935,197,5,5.152452061753676,4.830797788788379,152,9,5,253157,0
6289,5200700,76453,63238,92,3,5.606314719721333,4.763623328086444,58,7,11,353084,0
8030,4969464,73358,21863,189,4,6.296661537653238,3.590668943195826,172,8,15,73595,0
7571,4302310,113524,59571,57,4,4.621686655090433,3.708264597967064,80,3,11,176765,0
6099,4502218,125962,68537,187,4,6.216394784165695,4.06004274539242,183,8,11,433681,0
6768,4237378,132827,22262,11,6,4.243861766932457,3.694244826158023,132,5,0,461860,0
4924,4248041,86548,62589,26,4,5.621120426469116,3.916857747324899,98,7,12,468907,0
7390,4452323,125114,35037,90,3,5.957095387639461,3.977401534820765,58,8,8,187855,0
6361,4794238,94261,65130,123,3,5.5365155481310655,4.50966140234586,52,4,2,111708,0
6278,4263017,152924,43488,182,3,5.238837010381357,3.549725106837654,161,4,4,139180,0
7234,5226733,169471,66154,91,3,5.543367749814215,5.010729664691718,106,3,15,109343,0
6688,4671529,147903,20319,4,5,4.379159271948612,4.093840891928761,176,7,18,479555,0
4392,4470966,50187,37235,83,4,4.538926775825546,4.765610279208117,84,8,10,447524,0
5276,4735461,198806,29140,112,4,4.674748359890855,3.2036062031020447,188,5,19,414752,0
4819,5022841,53565,27385,139,6,5.4944483515750955,4.174913485310917,191,4,3,378410,0
7106,4522057,199913,31583,164,5,5.104752684362676,3.070548830443321,65,5,5,204411,0
4239,4244125,54766,36770,63,3,4.611189606214599,4.689774979538912,147,5,18,264059,0
4925,4247739,127468,18909,156,4,6.20702333036145,3.859275192492674,190,9,3,428644,0
6543,5087675,65895,59495,161,4,4.934804600733059,5.373132035264572,98,3,13,416465,0
6941,4311325,64279,48516,198,6,5.115079298074728,3.8103105365035486,60,5,4,283466,0
6157,4860740,152509,68048,133,4,5.024252691372487,4.4095147450443175,181,7,6,426902,0
7621,4597486,159176,59351,207,3,4.454857388191882,3.643468939236537,121,4,9,206038,0
7859,5009589,67735,20433,56,5,5.8290675385755835,4.550281572368351,54,9,7,236075,0
4637,4257772,196499,14895,182,4,5.121145655672144,4.167605875333086,176,9,17,427825,0
7997,5135707,98069,39596,11,3,4.040642774731796,3.9265706537640823,151,5,19,219391,0
6612,4926408,97748,43678,26,5,6.410034255899492,3.5092233727004496,60,8,10,388474,0
6701,4665405,94546,26817,221,3,6.039409028988534,3.2788033599286384,88,8,10,253978,0
4485,4411380,119181,64754,121,6,5.808898385229508,3.299697834891683,52,7,1,184043,0
6643,5218911,76675,50710,158,6,6.172729676296322,5.4976000437638834,193,4,4,148475,0
7068,4511048,113716,62359,154,4,6.267018134013876,4.030776817143087,53,3,0,323005,0
6474,4708643,81497,17630,177,5,4.843724265961097,3.0048242696833487,169,5,17,265846,0
4442,4607574,57712,67055,62,5,5.527396696041746,5.382321976565036,126,3,4,216225,0
6239,4436053,105310,24426,45,5,5.522019523013985,3.0499498105745317,137,5,6,384420,0
7929,4631150,150839,41376,10,3,4.668249172026492,4.046465313886334,171,7,16,50473,0
7059,4353147,164463,40756,221,4,4.554880628617668,4.793693964926639,184,7,14,91487,0
4658,4196045,103000,67438,57,3,4.284768137047555,5.286498110929404,69,4,12,482817,0
8027,4498383,98561,29379,147,5,5.648285489791132,4.782215728580253,52,3,0,348588,0
8023,4311818,168119,26852,116,3,5.95229747757695,4.159064387250029,68,4,11,297333,0
4789,4629231,152178,33773,41,5,5.90238244879251,5.436105097460258,152,6,11,56630,0
7376,5098978,174818,35256,105,5,4.790688442962436,3.098298457583176,135,8,6,319294,0
5761,4364770,185915,22717,21,6,4.513149626163005,5.46723050634502,62,5,14,245658,0
6527,4195596,173184,22344,45,4,5.134035446136554,5.123478879271097,85,5,18,319951,0
5919,4310794,190472,26193,35,3,5.367033650601277,5.322325042815898,130,6,5,68450,0
7301,4727156,112499,42723,211,5,6.29771781992139,3.6369310602438416,159,3,6,297788,0
8178,4482492,109200,34034,145,3,6.187057885685135,3.3561451807106746,101,4,6,310040,0
7352,4707584,98231,37444,236,3,6.29014582825457,4.65828819843175,192,3,16,180521,0
7910,4224972,85283,60333,111,6,6.125655962839949,4.2896485949653,198,6,1,74530,0
7970,4543578,162323,26864,51,6,6.411453011090778,4.307919901860949,164,6,17,487209,0
4465,4624361,157167,73692,155,5,5.163749992922644,5.311547946208044,118,7,15,369223,0
5133,4646583,170208,62624,237,6,4.118683743582736,4.550202266633155,181,7,9,329750,0
7052,4772235,75108,22228,136,3,4.208905080371196,3.777659587761475,159,5,11,395190,0
6512,5012802,123688,31969,4,3,4.975690354430858,4.00016639104469,127,9,17,351914,0
4301,4684230,83293,22848,77,4,4.644217728182493,3.333739587729628,116,9,15,110477,0
4485,5076370,183954,29096,236,3,4.424851478402668,3.480785100689223,174,3,5,254656,0
6228,4749771,90111,35584,132,6,6.383009436271621,3.3583751755238462,133,9,1,449901,0
6619,4467299,71586,19162,243,3,4.488548971026556,5.025728353028386,77,4,13,179537,0
4782,4434447,135479,11010,130,5,6.398448180788078,4.762183669930297,199,4,2,487493,0
4797,4532459,181860,40717,3,6,5.902097100803018,4.32586254402713,60,6,1,78957,0
4625,4820790,187359,59069,223,5,5.602364180313058,3.9359195840689267,154,3,19,198825,0
6410,4448565,64414,31207,195,3,5.690047400223445,4.671235725810876,148,5,9,207603,0
4128,5152884,98884,70231,183,4,4.82868580914781,5.032263369239402,137,4,13,327837,0
6440,4697477,73028,35849,248,5,5.616067595145705,5.203083039179273,57,6,4,129243,0
6045,5099511,96179,73055,50,6,4.466730295703163,4.367540570515834,123,8,2,153113,0
6004,4910752,130076,26519,231,4,6.344263581339948,5.049712804549252,183,9,1,347939,0
6878,4543849,92085,47753,59,4,4.754483349901484,4.278264883531738,85,4,7,178084,0
6236,4433644,60127,63420,248,6,4.637966280733855,4.186325222969727,153,6,0,445551,0
7076,4974386,126504,14132,49,6,5.777906995485393,5.16357963905525,178,6,8,441586,0
7225,4541105,57921,75100,140,4,5.641121795165454,3.96593484066166,192,5,6,186239,0
7864,4453163,84004,35547,202,3,5.128247295858263,3.9897816976017557,127,7,10,301976,0
7369,5169882,50077,44855,20,5,5.581115586726966,3.7622783632122903,97,9,11,199797,0
6216,4700378,63023,53990,17,6,4.398732679402141,4.296754320736541,154,5,6,205192,0
6111,4245232,115447,55009,217,6,5.683320768504887,4.362125084223652,122,3,9,351664,0
5061,4713105,177607,11656,15,4,4.6765267379879845,4.651152863276142,144,9,1,181906,0
6551,4677455,166193,70702,157,3,4.682089941691143,4.076255775273927,161,9,6,117172,0
4665,5100240,64824,53652,240,5,4.405449837359462,3.5445932297089984,156,5,19,166602,0
7910,4940426,55225,79918,157,6,4.8309428375904115,5.1671051560346895,86,6,19,468246,0
7557,4394956,100713,43005,123,6,4.82812765077832,3.865002168095036,163,9,9,166695,0
4586,4352066,147838,52946,106,3,5.135447529255673,5.307358549600437,131,6,18,213731,0
7315,4827218,162009,40874,163,4,4.476048761665874,3.518383332566139,189,6,10,332967,0
4575,4243979,173469,72284,146,4,4.482518840396915,4.400143690590577,148,9,2,95539,0
7050,4528816,101330,68267,128,3,5.3543464291580705,4.34153773382363,183,8,17,170806,0
4455,4339222,75200,73602,39,6,4.322193511676188,5.071619619817488,196,6,8,128607,0
6095,4215864,53952,45299,169,3,5.722242519972088,3.3471284668770744,199,4,12,465963,0
6790,5157759,72029,65401,189,5,6.359867814656491,5.274842932293653,161,6,12,469735,0
7081,4288487,59774,35115,181,6,5.0669890541609455,4.328570430430176,139,7,6,390080,0
5810,4204013,179120,42265,19,5,6.252763282876692,4.465273459785916,67,4,14,161203,0
7870,5172512,90261,63215,179,6,4.245791477814661,4.275415733244418,107,6,10,327386,0
7267,4391773,173468,15680,186,4,4.1073940684391115,3.090062267090666,121,7,7,348020,0
4949,5050526,132973,59734,46,6,5.8034221937846,4.242726654516495,167,3,5,441220,0
6845,4227107,130841,11106,217,4,5.902553932453741,3.6588741566924763,138,6,14,120274,0
7088,4355319,118218,50645,134,3,6.107645602414378,3.8567204509445787,115,8,4,381314,0
5462,4310307,172879,43404,120,4,4.142044195999953,4.62275399796785,71,4,2,137345,0
7119,4934874,56517,42807,185,4,5.942267637392076,4.244242823685265,157,6,17,305911,0
7775,4844577,63913,44602,130,5,4.941346831991455,3.233045531668651,114,7,6,445657,0
7442,4692904,113508,44435,139,4,4.758344081705497,3.182603186904397,55,3,12,77932,0
7219,4447680,109172,38515,79,4,4.4325598033582425,3.464144239043426,92,7,14,116614,0
6694,4287480,131839,41594,237,4,6.490039387756317,3.477212866430559,181,4,16,415908,0
5204,4791166,160669,49771,248,4,4.159158973297159,4.520751892428413,67,5,12,58437,0
7353,4436225,138131,63442,33,5,6.067520036519999,3.444536160113857,110,7,14,358306,0
5587,4813168,88617,48651,187,4,5.598736088726319,5.2042985581869265,126,3,16,275554,0
6275,4915166,99093,54976,5,6,5.837701110654668,3.524401651533533,62,3,18,205971,0
5383,5085001,162849,68562,94,4,5.779292799804491,3.2278286135659564,74,6,0,438227,0
5378,4712284,80220,79265,248,6,6.146086212682956,5.189365040899117,191,9,14,432031,0
4741,4199275,125626,17605,44,4,4.45948017464027,3.7383189401918324,138,3,3,196695,0
8033,4488604,130818,59904,96,3,4.002061542086714,4.063556574584339,81,8,17,51992,0
4701,5089126,162539,25762,56,3,5.496321222608166,5.3975659600311054,75,3,0,107673,0
4449,4753458,157153,23774,186,6,4.8846465983083345,5.360923047894435,113,6,4,98314,0
7930,4843497,119701,65510,118,6,4.309468327792844,4.787292223162295,158,6,3,492003,0
6369,4674366,96374,14808,151,3,4.4653468852605975,3.172347379331387,159,6,12,318601,0
5889,4364952,105185,69348,241,5,4.829373281148057,4.483350313528494,79,3,0,354532,0
7116,5134565,111738,63938,133,5,4.1755834272167585,5.472694837605644,158,8,0,153907,0
5666,5004787,82878,79637,187,3,4.1422830053211275,5.367290571059951,184,4,10,432810,0
4619,5237829,143811,56756,25,4,6.29006563708111,3.265006231299857,83,8,19,375201,0
7084,5091351,81256,71103,55,5,4.780256873384241,3.989918257725922,53,7,10,388462,0
4816,4499579,147301,18297,242,6,6.455576743683962,3.7888418647570985,193,6,8,260709,0
6361,4460918,162723,72292,220,6,6.410917520826,3.324320267262264,128,5,13,364209,0
7983,4454848,194275,21222,168,3,4.356428205817784,4.736995778121902,166,7,11,294823,0
7930,5157729,67836,32004,96,3,5.787310757240477,3.684620910900592,98,9,7,223053,0
5573,4778292,163959,18973,51,4,5.502012222817672,3.8621645078132447,94,9,11,317522,0
7292,4670837,62897,38116,218,3,5.726617682762884,3.225897191753545,83,9,0,195952,0
6605,5209599,100587,62429,201,5,4.240477500036187,4.244918896946664,82,4,4,478780,0
6059,4827040,76443,28765,61,3,4.471400196586395,3.395419659130141,120,7,13,372631,0
4669,5147912,74342,67553,150,3,4.191596653627204,4.080226058948723,65,5,6,382542,0
5637,5226783,76301,52440,158,3,5.510335513042678,3.3583555552582536,176,9,1,372520,0
6766,4277608,56590,54024,122,4,6.466477689622728,5.384624724875364,126,9,2,251754,0
8137,4573402,173466,75716,237,6,5.6799613441448535,3.3624563329928563,187,9,17,477764,0
4116,4964104,59169,40229,31,3,5.7769038375548245,4.304717884626583,125,4,6,143537,0
7035,5046963,109775,34124,66,6,6.461462603858203,3.492449563297469,95,5,0,305896,0
7562,4350001,154874,79618,24,4,5.69502888542949,3.1909045086815233,127,7,14,81236,0
7992,4528169,198558,48990,177,3,4.100453931571176,3.5057715471052453,73,8,10,182579,0
5831,4769104,178055,53022,164,4,6.167514002141494,3.13693526847609,173,5,9,308546,0
4581,5032340,70581,30740,252,5,4.91169572594699,3.348493457802472,158,3,17,270287,0
5205,4312758,198160,25080,138,3,4.010909053786788,4.2337103944080425,72,3,6,473522,0
7579,4824219,148030,21885,38,3,5.268085443902051,4.6295388026439355,137,7,11,326171,0
7692,4505146,76935,25649,115,6,6.342537502190659,3.2183495376794586,130,6,14,235163,0
6705,4421169,117309,23662,22,5,4.643326717987458,4.102546559760671,80,6,12,242028,0
4598,4734739,187682,62270,171,4,5.2287829326321,4.45311755713338,68,8,4,325217,0
4595,4628441,108937,14056,172,6,4.434442219455977,3.585564190527654,164,3,13,406009,0
6054,4860895,77545,54056,219,6,4.144231679166101,3.9301960287900632,89,8,14,174438,0
6505,4527369,181262,76450,86,4,4.201362366782783,3.1795871743340216,127,4,2,313075,0
4228,5057571,192946,63588,79,5,5.817527264903388,3.5503277005827374,87,9,3,308625,0
6906,4276206,196339,38201,18,3,6.1601861768553725,4.16688231479735,148,9,13,54246,0
6326,5098050,193356,14158,106,4,4.358247098131228,5.476105447313305,57,6,2,460747,0
4146,4225588,180928,68388,121,5,4.720796419526172,5.490662657347833,103,5,17,306427,0
4487,4965946,118173,10220,193,3,4.487573669112068,5.44905420281072,132,4,2,158934,0
5956,4557613,78845,57693,192,6,4.06713944231607,4.057715965750819,115,4,19,335121,0
7055,4596259,142573,56966,35,6,5.383578424717459,3.2017009460366626,141,9,13,355016,0
7476,4214262,83119,23434,72,4,5.749805425344119,3.8089335931233337,77,4,8,461867,0
5862,4930509,120973,61790,130,4,5.619693702212676,3.5942859384274435,116,6,5,65333,0
5305,4367830,148411,22282,85,3,4.970133868255619,3.0353164372746364,163,6,6,236174,0
8062,4885479,191986,25795,6,5,5.387525614849763,3.2380840257209385,100,7,14,131069,0
5974,4954713,93362,66839,216,3,4.2352482665905615,4.132979837622665,73,8,15,308510,0
5387,5080600,87787,78539,187,4,4.385759296806711,3.849156159510742,177,6,4,275723,0
5907,4936791,160208,28529,133,5,6.329486548882459,3.4508843040862076,166,8,10,263748,0
8118,4557099,183628,24415,129,8,7.258880020137297,5.822174022848371,365,18,2,468817,1
6273,5057989,112089,68327,116,8,7.247485736183136,5.915364503541349,205,10,2,424047,1
5779,4240660,169992,47809,18,10,7.338190375586252,5.5048227948633555,453,11,1,801836,1
4371,4296238,140786,11911,30,6,6.7790065554991115,6.549268312790576,234,15,3,574388,1
5282,5068609,152743,59202,152,8,6.720745824028916,5.889363393723902,499,13,1,745192,1
7771,4260661,164041,19685,145,10,7.516031943672663,6.948485151453799,281,19,2,726205,1
5946,5200354,160390,64750,142,6,7.0936502148586555,7.424427711235212,313,8,4,855497,1
7825,4989754,134652,65847,40,10,6.934859942323214,5.91751097799814,247,9,1,385452,1
6277,4891728,142322,67708,130,10,6.547087429879847,6.798194023527065,447,12,0,164826,1
6340,4756666,126314,42540,15,8,7.769075745767724,5.923668922917023,419,13,4,529886,1
5856,4287983,100869,28747,36,11,6.548493298767249,5.536013717959408,223,18,1,682797,1
6375,4628989,159035,71697,127,11,7.624974686124979,7.01710838842917,231,13,3,835392,1
4369,5041298,181832,49113,157,6,7.072982838497872,6.368009353301786,382,13,3,340349,1
4331,5142072,155789,54480,167,11,7.398031715756975,7.393573723029306,459,10,2,770820,1
6044,4662998,165825,19556,251,5,6.871517001035244,6.568571764286811,232,13,0,848977,1
6545,5074377,174552,53647,218,5,6.73309949934811,5.814965737951368,266,14,4,827604,1
6352,5008622,105104,50606,97,5,7.300082001252421,6.399548883594556,363,15,3,827264,1
5853,4254726,59382,30456,200,7,7.543426542431216,5.905783589612033,232,15,2,988606,1
5300,4844604,100635,63679,24,11,6.79323994241772,7.256058545373149,291,13,4,695033,1
7000,4840318,163242,19357,219,9,7.154538421148846,6.88180636177505,203,9,3,433294,1
6572,4763553,172358,60356,98,9,7.166982455437093,6.182477609309407,349,9,3,492834,1
4289,5004085,127064,77282,194,5,6.823968723619195,6.555640645614281,414,9,0,772382,1
5948,5127010,166788,49707,248,8,7.347574169378197,6.838960376426057,323,15,3,312881,1
7007,4771535,61203,17335,180,7,6.718903530172551,7.06571543329085,276,18,1,642506,1
7307,4530254,146618,48731,235,8,7.26462375997787,5.660294419741083,327,18,0,615458,1
5271,5225059,151851,47030,2,6,6.670147267048999,5.545037683990493,352,11,1,699944,1
7884,5204741,126176,48653,43,6,7.228313613282706,5.72890539433978,249,8,0,479143,1
6765,4913676,157481,29079,160,11,6.9673985823133355,6.289992620345126,233,15,0,765886,1
5888,4866060,123720,53826,138,8,7.178369438122303,6.433413220164184,254,8,3,164289,1
6664,4303505,128544,28489,30,7,7.150624039164761,5.772923260427697,495,15,2,774758,1
7665,4615428,140594,49050,183,5,7.86189968422789,6.32230627579921,416,12,1,830699,1
5025,4402234,169069,51621,15,10,7.234903399934694,6.383245572723661,237,18,0,897170,1
4711,4734209,87305,55211,253,8,7.7277483558153115,5.718179927354973,290,15,3,930512,1
5900,5060685,95037,65855,40,7,6.838478589367573,7.333319920391468,323,16,3,414389,1
4439,4429741,112826,71777,114,9,7.028124191951388,6.698291855175415,254,12,2,141747,1
7518,5239479,80286,64402,210,5,6.612634070949786,6.277071060912564,455,18,0,688133,1
8070,4330126,100133,65710,131,8,7.131121692232241,6.5138143669444135,482,14,0,181199,1
6576,4297420,102610,70816,190,11,7.5030498306123965,6.128394972937613,273,15,0,352261,1
8109,5216112,97135,26973,180,8,7.757250551164095,7.208662063289186,204,12,0,732228,1
4377,4299506,111507,30503,242,5,7.348872367698733,6.650030083137008,280,13,4,635111,1
6686,4965200,125717,47313,118,6,7.460109004389618,6.489791628787087,374,18,1,645981,1
5910,4994773,154390,42602,250,5,6.765900616425422,7.3217708061911955,442,12,3,776057,1
5232,4540447,95440,59148,132,8,6.555809057350159,7.175959396468135,301,8,4,248251,1
5373,4261784,176827,10653,228,7,7.687532217765974,7.125603782851699,282,12,4,811900,1
6329,4517773,121914,19728,187,5,6.75055731116193,5.9512184084636885,274,12,1,627882,1
6724,4266194,158137,62280,34,9,6.636754303299129,5.806246222936713,200,13,2,478112,1
4767,4899199,67221,67537,164,6,7.906343481359893,6.880193039425495,204,8,2,517294,1
6613,5126295,76098,31164,224,7,7.9452820460887645,6.437284512682792,328,9,0,557848,1
7891,5239823,118034,31765,32,11,7.424385937403742,6.867425425913687,385,11,3,595323,1
4138,5033636,104932,49304,214,5,7.06795590903094,7.021254464222233,203,13,2,400464,1
7693,5006566,124418,43398,26,6,7.749859311446078,6.090627014689502,260,8,1,300732,1
6585,5118690,73762,21851,222,7,6.807079939003119,6.069300866245618,472,12,2,252132,1
5497,5001575,121041,45032,201,8,7.144088491144522,6.481663132516367,497,11,3,406635,1
7105,4876416,153008,67357,38,6,7.0355259485009025,6.0470986270529945,392,8,0,334465,1
6626,5238952,159268,61068,185,11,7.869049986112523,6.834590552032399,356,11,3,564523,1
7244,4532507,87225,67209,29,5,7.87966612304341,6.993460891761433,374,11,4,920923,1
4428,4627115,101664,55067,145,11,7.476328889485499,6.444077892106488,311,9,3,197287,1
4337,5144642,128808,71421,236,8,6.6661102104090375,6.9475995311972865,260,17,3,378072,1
6725,4520436,127696,27487,52,5,7.223289184487454,6.520875138141553,312,8,0,144236,1
5339,4507538,168774,13215,44,5,6.867992549336085,6.925743443934018,409,14,3,977283,1
5071,4353776,108543,17982,108,5,7.827373494776722,5.949936495591451,398,15,3,730689,1
5821,4483198,150640,79472,94,7,6.707604198524303,6.977686091866084,403,17,2,317330,1
7066,4816784,182563,54836,12,7,6.581465413791061,6.930248046914036,382,14,2,472818,1
4832,5123762,94756,27344,116,9,7.556643550325117,6.033211414098355,218,14,3,750763,1
8082,4337186,173445,69786,66,7,7.179929112452229,6.61194198208035,387,17,0,961949,1
5819,4908198,99930,31660,31,10,7.757547331404627,7.210623335748803,464,18,1,616512,1
4712,4997869,100158,51809,70,7,6.611944446753967,5.999045293944878,394,10,3,343819,1
4387,5133484,148004,27453,5,6,7.701614198911764,6.9719595680293525,373,17,4,727183,1
7607,4980786,143267,16642,234,6,6.556002129266237,7.407933434293774,267,13,1,717172,1
4559,4357778,132420,28727,254,7,6.542105017870935,7.23248383951513,437,9,2,679562,1
5812,4706966,84683,25972,94,10,7.1919736275965445,6.303040165360552,335,15,4,141371,1
6834,5192859,64459,48686,224,6,6.831936934520978,6.714415465976277,278,19,0,736073,1
6197,5146843,186341,11448,118,6,7.390578060509796,7.483540268505408,346,9,1,117662,1
5171,4836810,181098,26786,233,11,6.538725491317206,6.636874822751437,236,8,0,914992,1
4538,5204281,183000,49743,44,9,6.553084313544468,5.730055204860733,477,18,1,893762,1
7009,4894789,126891,37563,72,6,7.590722744257911,5.590861509557522,410,15,3,607122,1
6104,4262346,182680,54515,189,11,6.8152477437384675,7.080629019488057,297,10,1,681457,1
4293,5152765,121004,55892,56,6,7.484625685491101,6.3472566508036925,438,17,4,161063,1
4838,4370617,61325,77576,210,6,7.624883242251138,5.993625781258389,216,12,4,886983,1
6400,4593552,79765,68521,109,8,6.588996748587451,6.195344061321894,315,11,4,343742,1
4785,4443971,90890,25975,103,9,7.654630931696358,7.014745733092905,395,11,3,335894,1
5699,4948833,106549,58491,116,6,6.902631826941929,6.430494671267658,207,15,3,737397,1
4606,4225746,190858,53906,204,10,7.0843189372996225,7.236998985051753,412,9,2,944995,1
7360,4865749,99923,51602,1,6,6.629958788442975,6.969851177555398,445,12,4,544667,1
6678,5100673,141892,65928,192,10,7.757944975047279,7.44802830089085,378,11,0,556764,1
7307,5020322,90610,20340,199,5,7.341093179488646,7.277007533579686,261,8,3,593696,1
4310,4516207,146491,36262,210,8,7.256997916770758,6.0090944235720185,424,17,0,362025,1
5634,5134816,135110,67128,255,9,7.952832216354134,6.818118465605107,301,8,1,636922,1
5192,4573931,72564,72451,200,6,7.0017586399110066,5.541086069056288,420,19,1,964886,1
6646,4907399,119341,12609,135,9,7.836168929715044,7.482213448859197,388,9,3,444366,1
7460,4725587,65809,43002,119,9,7.579531821596906,6.022012217605193,228,12,3,795777,1
5028,4265229,183379,28493,99,9,7.892792203778359,6.8295901872471685,229,9,0,796505,1
7248,4197382,155619,21756,211,7,7.861703079143689,7.198307242399131,204,12,3,865749,1
6473,4386340,191201,13994,100,10,7.986544707539105,5.820929325455943,221,15,1,751181,1
7471,5174359,181343,47663,146,10,6.697515128055736,7.195758685620959,289,9,0,929303,1
4428,5194622,82921,56720,24,7,7.694024588137393,5.524491331581645,207,14,2,742869,1
8154,4624330,156084,47188,81,10,7.706741532421255,6.383954276170815,481,17,2,978540,1
5876,5210007,65015,35785,68,11,7.46656029226773,6.444075245062277,474,13,1,743779,1
5243,4246162,194089,63991,111,10,6.918291437357303,6.248181426517472,251,9,1,853217,1
4844,5208710,167800,55643,128,10,7.947722407442472,6.672769492601,293,16,4,901322,1
8130,4436437,152072,73589,183,10,6.806633206835315,7.3296846974052645,422,10,1,985064,1
7714,4232890,199229,34292,110,10,7.249363067537659,6.153978228600578,398,8,4,635853,1
4633,4988985,177036,26727,38,7,7.282230669228779,6.658519774332849,374,13,4,739201,1
5918,4595329,179540,41901,139,10,6.742744017254058,7.254925051486646,496,11,1,970364,1
7100,4500836,65019,45480,14,6,7.583793233499861,7.045990790202756,388,8,2,442215,1
6515,4990878,53554,42057,217,7,6.6333007462703595,5.581466529610992,400,17,3,207273,1
4870,4543543,194166,68268,197,11,7.539646668270066,7.385581528255324,350,15,2,895849,1
5572,4983761,87689,13190,57,6,7.7729232444359555,5.593293808517226,357,18,2,668763,1
5603,4399032,113960,46943,67,10,7.024094637623599,6.677516948748659,287,13,1,485635,1
5278,4284386,56501,40115,7,7,7.5641312128988005,6.65070724063033,356,13,0,745233,1
8031,4535008,143459,24760,93,6,6.735161012221774,7.072780461404632,475,18,0,129389,1
4927,4833399,173116,54874,9,5,7.768923502179318,5.796886103697956,313,8,1,529498,1
6990,4430210,176261,66093,239,8,7.928047547829837,5.858740784125407,239,12,3,338924,1
7831,4344113,137211,48223,34,8,6.729040540249665,7.004213865476721,379,17,1,359387,1
7351,4979845,149198,15946,168,8,7.537789210958499,5.79900950482325,435,11,0,972385,1
7370,4711471,127057,15269,146,5,7.258746644834789,6.438890254131279,487,18,1,595033,1
4746,4646719,116921,39514,60,6,7.297248997748568,6.963296180421864,362,11,2,226388,1
4641,4445632,133167,56763,206,5,7.5597345779010325,6.802483857565362,436,12,1,428272,1
7302,4212858,190384,31945,27,7,7.233110749004656,5.92120837222619,275,18,1,318386,1
7154,4250047,87867,31620,227,11,7.400489588026575,6.107920517372171,327,10,0,918211,1
7134,4908904,120528,70207,189,6,6.846351529117066,7.437949806482082,325,19,1,362143,1
5810,4278210,140245,11010,162,9,7.067759894732945,6.397341240309768,299,8,1,421113,1
6240,4453226,135521,15581,225,5,7.797860525107253,5.588914952872761,414,11,4,400739,1
4159,5149444,54600,20891,103,8,6.664853767472579,5.9391697989326655,465,15,4,258136,1
5288,4554988,93100,78851,72,11,7.39636289140046,6.184870179323675,297,15,1,802162,1
6260,4975121,146901,44829,39,7,6.776430593352336,7.498978808589172,240,18,0,618750,1
4610,4554303,154114,21080,236,6,7.769809396885058,6.1053830949538375,447,19,0,493280,1
4628,5171392,160165,31728,102,8,7.368565930780324,5.55279169756509,454,16,1,456393,1
4281,5056088,198705,77859,212,6,7.104573174005407,6.525843155110672,480,15,2,700016,1
4955,4687124,150953,58606,85,11,6.874737010477727,5.667210769947954,276,11,2,186308,1
8162,4911958,136950,25658,244,10,7.155267048784451,6.048135197391444,415,17,1,938592,1
6946,4627672,99817,26845,222,9,7.936418488882613,7.4847663521878784,414,15,1,608358,1
7980,5184586,105562,15246,78,9,7.263813934615431,6.909277037860309,437,8,1,304891,1
5149,4570121,173939,64095,124,9,7.204234297549791,5.601333258565741,441,17,2,584061,1
6548,5071393,120305,19618,203,10,7.619410720250464,6.397373437183592,485,12,3,866846,1
7749,4840548,157331,30053,57,8,7.06857060624786,5.843275025257698,343,13,0,255877,1
5537,4869258,68618,34386,6,11,7.1411359248211905,5.745889312804243,222,13,2,571463,1
6787,4562940,69244,53460,73,7,7.0054215973574285,6.6741308266976045,257,17,3,637874,1
6933,5067634,82321,52442,151,5,6.726379632994087,6.511311779280431,465,11,3,829031,1
7505,4976828,79271,65945,34,9,7.5707138213039755,6.9857331686310165,453,12,2,610623,1
8066,5049199,141048,30808,85,9,7.809546370825435,7.284612456463719,203,8,2,762768,1
6615,5034546,145566,36988,235,11,7.858388973864148,5.993363714863324,310,12,3,796251,1
6482,4359568,133685,37204,19,7,7.821204407056669,7.345983973310794,273,9,1,902016,1
7654,5112693,93412,13276,12,7,7.177675703656989,6.535983545108191,296,14,2,425412,1
6899,5077040,136500,61630,108,8,6.926099288304794,6.017669836370234,391,18,1,733482,1
5577,4448899,67914,47481,3,7,7.456885624401235,7.191571676205219,353,13,2,323883,1
6677,5223641,120925,43297,7,10,7.932057367859048,5.571059836058045,344,18,0,859867,1
6345,4746926,73245,79678,46,7,7.590575972252907,6.619018754945921,330,19,1,956097,1
5032,4531853,61512,22519,26,10,7.242272842385235,6.943243070059934,392,8,0,364789,1
6209,4428602,74842,77829,207,7,7.533212861770172,6.0599553743122865,404,14,1,605095,1
6650,4576736,66670,57626,31,6,7.658806868681595,7.226983835126436,213,14,2,840105,1
7797,4233684,121668,25471,134,11,7.878903891992106,5.98056912671597,241,12,2,124425,1
6473,4918561,131873,57496,180,8,7.644823630958231,7.179748565463479,302,17,4,734517,1
4771,4936512,141107,62898,160,9,7.149785833453858,5.657089927664915,330,12,0,838640,1
8141,4894519,115957,35373,167,9,6.910409777698226,5.819855183736863,498,8,4,884103,1
6463,4769952,76460,34146,91,7,7.249822497094387,6.261969167803816,467,14,1,277082,1
5271,4574668,53133,68463,227,11,6.992266916908208,7.2081110255963585,394,10,3,781449,1
7186,4953396,156874,21219,17,7,7.914146889031721,5.789170730253565,210,12,3,807432,1
5671,5108014,197412,10933,27,11,7.261948765174943,7.250876479588483,230,14,4,102566,1
5611,4286183,92151,56614,219,8,7.208084503946012,5.959463053225587,337,16,0,734646,1
7534,4595783,80705,73457,17,5,7.022294327232294,6.405016797189058,376,11,4,663600,1
7649,5238188,96733,45060,49,5,7.4591104854374,6.205468808520676,398,12,0,971932,1
6241,5098144,82158,19448,44,11,7.280076917931422,5.7362524532290475,242,8,4,138709,1
5623,5236954,83524,47746,8,8,6.693573384347385,7.38861947903828,466,12,3,969021,1
7631,4386501,124180,27631,29,7,7.803811716245741,6.376356581504427,347,14,2,614278,1
4805,4681891,167780,67917,146,10,7.038519248215698,6.880662522712389,378,15,1,346969,1
7156,4330990,156844,52847,169,9,7.148867644937232,6.6505353533280624,211,11,0,448730,1
6488,5102432,193972,33558,21,9,6.808500584995369,6.503431833704415,447,8,4,789804,1
7594,4738323,103603,53718,241,9,7.330097311426834,6.733155247113698,362,14,3,996443,1
5818,4449704,123874,56696,24,6,7.553082593642874,7.296684612404858,266,15,4,385169,1
7503,4289015,107046,57511,175,5,7.821747980938909,6.898624751388219,295,9,3,985344,1
4158,4967698,56304,35633,204,10,6.577411497458394,6.564960158910442,305,14,4,666278,1
7201,5045584,108274,49944,133,5,7.959997864549067,6.790371921331952,208,9,4,272813,1
4382,5116239,89085,12990,125,10,7.555726613030535,6.712788561018043,482,13,2,637971,1
6727,5212867,121808,38248,27,5,6.926448026617276,6.366242414972627,440,15,3,821590,1
4895,5048543,73707,36461,61,6,6.806712132520949,6.7495280202609,465,16,1,149089,1
8042,5018816,161247,47427,217,9,6.944131877981897,6.387139600328327,306,16,3,171022,1
7247,5045510,176414,76502,89,9,7.813588627499664,7.015228755743824,367,17,3,104663,1
4524,5241516,194121,76747,8,10,6.937085259793926,7.4378249670445715,337,10,2,613336,1
7749,4679822,62728,43828,186,9,7.194231701835854,7.419730714994459,342,18,3,151987,1
5127,4989729,67644,55229,175,5,7.558607081363348,7.1414715728499605,376,12,1,938895,1
6330,5054125,194971,17576,16,10,7.807984795585829,6.70351779411897,335,12,3,215147,1
4445,4316233,177232,43758,13,6,7.487856743519156,6.998663976141481,431,17,2,164450,1
4528,4918560,138277,58147,29,5,7.629663794801634,5.856096590515109,217,11,1,331887,1
5084,4549596,98230,57795,13,11,6.759990194443933,6.458036914627845,257,8,4,786866,1
6284,4333189,127660,77436,157,6,7.816111741536709,6.014609529982729,467,16,0,916259,1
6319,4372943,130347,42636,33,8,6.913578775427166,5.506989962218694,464,15,3,325903,1
7600,4314035,177102,73556,155,8,6.692567246084773,7.433475149344152,445,14,1,566769,1
4772,5135657,129409,78510,45,10,7.964366435511004,7.227697123703683,310,9,1,796384,1
7165,5003723,54132,50037,248,5,6.802459888181241,6.527397236939853,336,15,0,817202,1
4120,4301414,154938,16403,185,5,6.704977955116965,6.008304576238014,207,10,0,237626,1
5288,4850150,166572,36339,95,7,7.43903135015268,6.885950420398474,283,14,0,854480,1
4812,4886814,94710,63530,109,8,6.978294724244143,6.3696021690998545,417,14,4,880550,1
4603,4738909,67490,50647,16,10,6.70002380777074,7.106699066845399,302,17,4,761448,1
6490,4829855,71331,75542,14,9,7.401681675823814,7.499036220361899,344,19,2,574523,1
7785,5145636,176116,67115,137,6,7.638477840833353,6.19816521497974,236,10,0,452246,1
6827,4738360,117131,14425,5,11,7.689797561310735,5.988806086956096,348,9,4,900464,1
7594,4885934,129376,70286,163,8,6.733268901518408,6.034764977589516,416,14,3,877473,1
6518,4793143,194092,35016,97,11,7.335300601909913,5.6866924913613435,371,19,2,566399,1
4316,4609693,59169,67319,35,11,7.720517556022191,6.28809239300031,367,9,4,767844,1
